id,fixed acidity,volatile acidity,citric acid,residual sugar,chlorides,free sulfur dioxide,total sulfur dioxide,density,pH,sulphates,alcohol,quality
1,5,0.42,0.24,2,0.06,19,50,0.9917,3.72,0.74,14,1
2,7.3,0.45,0.36,5.9,0.074,12,87,0.9978,3.33,0.83,10.5,0
3,8.9,0.24,0.39,1.6,0.074,3,10,0.99698,3.12,0.59,9.5,1
4,7.8,0.6,0.26,2,0.08,31,131,0.99622,3.21,0.52,9.9,0
5,10.8,0.45,0.33,2.5,0.099,20,38,0.99818,3.24,0.71,10.8,0
6,8.6,0.49,0.28,1.9,0.11,20,136,0.9972,2.93,1.95,9.9,1
7,9.5,0.59,0.44,2.3,0.071,21,68,0.9992,3.46,0.63,9.5,0
8,8.2,0.57,0.26,2.2,0.06,28,65,0.9959,3.3,0.43,10.1,0
9,8.3,0.26,0.42,2,0.08,11,27,0.9974,3.21,0.8,9.4,1
10,12,0.38,0.56,2.1,0.093,6,24,0.99925,3.14,0.71,10.9,1
11,7,0.54,0,2.1,0.079,39,55,0.9956,3.39,0.84,11.4,1
12,13.2,0.46,0.52,2.2,0.071,12,35,1.0006,3.1,0.56,9,1
13,10.2,0.34,0.48,2.1,0.052,5,9,0.99458,3.2,0.69,12.1,1
14,7.1,0.685,0.35,2,0.088,9,92,0.9963,3.28,0.62,9.4,0
15,6.4,0.56,0.15,1.8,0.078,17,65,0.99294,3.33,0.6,10.5,1
16,6.6,0.44,0.15,2.1,0.076,22,53,0.9957,3.32,0.62,9.3,0
17,7.8,0.64,0.1,6,0.115,5,11,0.9984,3.37,0.69,10.1,1
18,8.6,0.725,0.24,6.6,0.117,31,134,1.0014,3.32,1.07,9.3,0
19,11.1,0.44,0.42,2.2,0.064,14,19,0.99758,3.25,0.57,10.4,1
20,12.6,0.39,0.49,2.5,0.08,8,20,0.9992,3.07,0.82,10.3,1
21,7.4,0.74,0.07,1.7,0.086,15,48,0.99502,3.12,0.48,10,0
22,13.8,0.49,0.67,3,0.093,6,15,0.9986,3.02,0.93,12,1
23,8.2,0.42,0.49,2.6,0.084,32,55,0.9988,3.34,0.75,8.7,1
24,9.3,0.39,0.44,2.1,0.107,34,125,0.9978,3.14,1.22,9.5,0
25,8.2,0.7,0.23,2,0.099,14,81,0.9973,3.19,0.7,9.4,0
26,11.6,0.42,0.53,3.3,0.105,33,98,1.001,3.2,0.95,9.2,0
27,8.8,0.685,0.26,1.6,0.088,16,23,0.99694,3.32,0.47,9.4,0
28,8.9,0.565,0.34,3,0.093,16,112,0.9998,3.38,0.61,9.5,0
29,10.4,0.24,0.46,1.8,0.075,6,21,0.9976,3.25,1.02,10.8,1
30,7,0.58,0.28,4.8,0.085,12,69,0.99633,3.32,0.7,11,1
31,6.4,0.69,0,1.65,0.055,7,12,0.99162,3.47,0.53,12.9,1
32,7.6,0.685,0.23,2.3,0.111,20,84,0.9964,3.21,0.61,9.3,0
33,8.9,0.48,0.24,2.85,0.094,35,106,0.9982,3.1,0.53,9.2,0
34,13,0.32,0.65,2.6,0.093,15,47,0.9996,3.05,0.61,10.6,0
35,9.9,0.44,0.46,2.2,0.091,10,41,0.99638,3.18,0.69,11.9,1
36,6.4,0.67,0.08,2.1,0.045,19,48,0.9949,3.49,0.49,11.4,1
37,8.3,0.49,0.36,1.8,0.222,6,16,0.998,3.18,0.6,9.5,1
38,6.7,0.28,0.28,2.4,0.012,36,100,0.99064,3.26,0.39,11.7,1
39,8.5,0.46,0.31,2.25,0.078,32,58,0.998,3.33,0.54,9.8,0
40,8,0.62,0.35,2.8,0.086,28,52,0.997,3.31,0.62,10.8,0
41,7.5,0.43,0.3,2.2,0.062,6,12,0.99495,3.44,0.72,11.5,1
42,7.1,0.59,0.01,2.3,0.08,27,43,0.9955,3.42,0.58,10.7,1
43,11.6,0.32,0.55,2.8,0.081,35,67,1.0002,3.32,0.92,10.8,1
44,7.1,0.35,0.29,2.5,0.096,20,53,0.9962,3.42,0.65,11,1
45,8.9,0.635,0.37,1.7,0.263,5,62,0.9971,3,1.09,9.3,0
46,12.5,0.46,0.63,2,0.071,6,15,0.9988,2.99,0.87,10.2,0
47,9.6,0.56,0.31,2.8,0.089,15,46,0.9979,3.11,0.92,10,1
48,9.4,0.24,0.33,2.3,0.061,52,73,0.99786,3.47,0.9,10.2,1
49,10.4,0.575,0.61,2.6,0.076,11,24,1,3.16,0.69,9,0
50,7.8,0.39,0.42,2,0.086,9,21,0.99526,3.39,0.66,11.6,1
51,6.5,0.51,0.15,3,0.064,12,27,0.9929,3.33,0.59,12.8,1
52,9,0.8,0.12,2.4,0.083,8,28,0.99836,3.33,0.65,10.4,1
53,7.5,0.63,0.27,2,0.083,17,91,0.99616,3.26,0.58,9.8,1
54,7.2,0.62,0.01,2.3,0.065,8,46,0.99332,3.32,0.51,11.8,1
55,9.2,0.92,0.24,2.6,0.087,12,93,0.9998,3.48,0.54,9.8,0
56,8.7,0.31,0.46,1.4,0.059,11,25,0.9966,3.36,0.76,10.1,1
57,6.1,0.32,0.25,2.3,0.071,23,58,0.99633,3.42,0.97,10.6,0
58,7.7,0.58,0.1,1.8,0.102,28,109,0.99565,3.08,0.49,9.8,1
59,9.3,0.655,0.26,2,0.096,5,35,0.99738,3.25,0.42,9.6,0
60,6.9,0.41,0.33,2.2,0.081,22,36,0.9949,3.41,0.75,11.1,1
61,7.2,0.25,0.37,2.5,0.063,11,41,0.99439,3.52,0.8,12.4,1
62,6.8,0.48,0.25,2,0.076,29,61,0.9953,3.34,0.6,10.4,0
63,6.6,0.88,0.04,2.2,0.066,12,20,0.99636,3.53,0.56,9.9,0
64,10,0.56,0.24,2.2,0.079,19,58,0.9991,3.18,0.56,10.1,1
65,6,0.31,0.47,3.6,0.067,18,42,0.99549,3.39,0.66,11,1
66,8.3,0.76,0.29,4.2,0.075,12,16,0.9965,3.45,0.68,11.5,1
67,8.4,0.52,0.22,2.7,0.084,4,18,0.99682,3.26,0.57,9.9,1
68,6.7,0.42,0.27,8.6,0.068,24,148,0.9948,3.16,0.57,11.3,1
69,10.5,0.51,0.64,2.4,0.107,6,15,0.9973,3.09,0.66,11.8,1
70,10.5,0.28,0.51,1.7,0.08,10,24,0.9982,3.2,0.89,9.4,1
71,7.4,0.47,0.46,2.2,0.114,7,20,0.99647,3.32,0.63,10.5,0
72,10.6,0.31,0.49,2.5,0.067,6,21,0.9987,3.26,0.86,10.7,1
73,9.1,0.25,0.34,2,0.071,45,67,0.99769,3.44,0.86,10.2,1
74,8.1,0.82,0,4.1,0.095,5,14,0.99854,3.36,0.53,9.6,0
75,6.6,0.7,0.08,2.6,0.106,14,27,0.99665,3.44,0.58,10.2,0
76,11.1,0.31,0.53,2.2,0.06,3,10,0.99572,3.02,0.83,10.9,1
77,7.1,0.66,0,3.9,0.086,17,45,0.9976,3.46,0.54,9.5,0
78,7.7,0.53,0.06,1.7,0.074,9,39,0.99615,3.35,0.48,9.8,1
79,9.9,0.63,0.24,2.4,0.077,6,33,0.9974,3.09,0.57,9.4,0
80,8.6,0.8,0.11,2.3,0.084,12,31,0.9979,3.4,0.48,9.9,0
81,7.8,0.815,0.01,2.6,0.074,48,90,0.99621,3.38,0.62,10.8,0
82,8.8,0.24,0.54,2.5,0.083,25,57,0.9983,3.39,0.54,9.2,0
83,9.2,0.67,0.1,3,0.091,12,48,0.99888,3.31,0.54,9.5,1
84,5.4,0.58,0.08,1.9,0.059,20,31,0.99484,3.5,0.64,10.2,1
85,6.9,0.56,0.03,1.5,0.086,36,46,0.99522,3.53,0.57,10.6,0
86,7.4,0.37,0.43,2.6,0.082,18,82,0.99708,3.33,0.68,9.7,1
87,8.7,0.54,0.26,2.5,0.097,7,31,0.9976,3.27,0.6,9.3,1
88,7.5,0.725,0.04,1.5,0.076,8,15,0.99508,3.26,0.53,9.6,0
89,7.5,0.57,0.02,2.6,0.077,11,35,0.99557,3.36,0.62,10.8,1
90,7,0.745,0.12,1.8,0.114,15,64,0.99588,3.22,0.59,9.5,1
91,8.8,0.46,0.45,2.6,0.065,7,18,0.9947,3.32,0.79,14,1
92,7.9,0.69,0.21,2.1,0.08,33,141,0.9962,3.25,0.51,9.9,0
93,8.2,0.24,0.34,5.1,0.062,8,22,0.9974,3.22,0.94,10.9,1
94,7.4,0.66,0,1.8,0.075,13,40,0.9978,3.51,0.56,9.4,0
95,8.3,0.6,0.25,2.2,0.118,9,38,0.99616,3.15,0.53,9.8,0
96,8.4,0.65,0.6,2.1,0.112,12,90,0.9973,3.2,0.52,9.2,0
97,8,0.45,0.23,2.2,0.094,16,29,0.9962,3.21,0.49,10.2,1
98,8.2,0.34,0.38,2.5,0.08,12,57,0.9978,3.3,0.47,9,1
99,10.6,0.36,0.57,2.3,0.087,6,20,0.99676,3.14,0.72,11.1,1
100,10.2,0.42,0.57,3.4,0.07,4,10,0.9971,3.04,0.63,9.6,0
101,6.8,0.68,0.09,3.9,0.068,15,29,0.99524,3.41,0.52,11.1,0
102,7.1,0.59,0.01,2.3,0.08,27,43,0.9955,3.42,0.58,10.7,1
103,8,0.28,0.44,1.8,0.081,28,68,0.99501,3.36,0.66,11.2,0
104,11.4,0.46,0.5,2.7,0.122,4,17,1.0006,3.13,0.7,10.2,0
105,11.5,0.41,0.52,3,0.08,29,55,1.0001,3.26,0.88,11,0
106,6.2,0.52,0.08,4.4,0.071,11,32,0.99646,3.56,0.63,11.6,1
107,8,0.31,0.45,2.1,0.216,5,16,0.99358,3.15,0.81,12.5,1
108,11.5,0.315,0.54,2.1,0.084,5,15,0.9987,2.98,0.7,9.2,1
109,7.9,0.43,0.21,1.6,0.106,10,37,0.9966,3.17,0.91,9.5,0
110,7.5,0.57,0.08,2.6,0.089,14,27,0.99592,3.3,0.59,10.4,1
111,12.4,0.35,0.49,2.6,0.079,27,69,0.9994,3.12,0.75,10.4,1
112,10.7,0.35,0.53,2.6,0.07,5,16,0.9972,3.15,0.65,11,1
113,7.8,0.32,0.44,2.7,0.104,8,17,0.99732,3.33,0.78,11,1
114,7.6,0.52,0.12,3,0.067,12,53,0.9971,3.36,0.57,9.1,0
115,7.9,0.58,0.23,2.3,0.076,23,94,0.99686,3.21,0.58,9.5,1
116,9.2,0.31,0.36,2.2,0.079,11,31,0.99615,3.33,0.86,12,1
117,8.3,0.26,0.37,1.4,0.076,8,23,0.9974,3.26,0.7,9.6,1
118,10.4,0.41,0.55,3.2,0.076,22,54,0.9996,3.15,0.89,9.9,1
119,7.2,0.605,0.02,1.9,0.096,10,31,0.995,3.46,0.53,11.8,1
120,8.6,0.635,0.68,1.8,0.403,19,56,0.99632,3.02,1.15,9.3,0
121,8.7,0.69,0,3.2,0.084,13,33,0.9992,3.36,0.45,9.4,0
122,7.1,0.6,0.01,2.3,0.079,24,37,0.99514,3.4,0.61,10.9,1
123,7.2,0.39,0.44,2.6,0.066,22,48,0.99494,3.3,0.84,11.5,1
124,10.2,0.67,0.39,1.9,0.054,6,17,0.9976,3.17,0.47,10,0
125,10,0.69,0.11,1.4,0.084,8,24,0.99578,2.88,0.47,9.7,0
126,5.6,0.85,0.05,1.4,0.045,12,88,0.9924,3.56,0.82,12.9,1
127,7.3,0.67,0.05,3.6,0.107,6,20,0.9972,3.4,0.63,10.1,0
128,10,0.41,0.45,6.2,0.071,6,14,0.99702,3.21,0.49,11.8,1
129,6.7,0.7,0.08,3.75,0.067,8,16,0.99334,3.43,0.52,12.6,0
130,7.2,0.66,0.03,2.3,0.078,16,86,0.99743,3.53,0.57,9.7,0
131,8.2,0.635,0.1,2.1,0.073,25,60,0.99638,3.29,0.75,10.9,1
132,6.6,0.52,0.08,2.4,0.07,13,26,0.99358,3.4,0.72,12.5,1
133,11.9,0.39,0.69,2.8,0.095,17,35,0.9994,3.1,0.61,10.8,1
134,9.6,0.68,0.24,2.2,0.087,5,28,0.9988,3.14,0.6,10.2,0
135,7,0.6,0.3,4.5,0.068,20,110,0.99914,3.3,1.17,10.2,0
136,7.1,0.65,0.18,1.8,0.07,13,40,0.997,3.44,0.6,9.1,0
137,10.4,0.43,0.5,2.3,0.068,13,19,0.996,3.1,0.87,11.4,1
138,4.7,0.6,0.17,2.3,0.058,17,106,0.9932,3.85,0.6,12.9,1
139,5.2,0.48,0.04,1.6,0.054,19,106,0.9927,3.54,0.62,12.2,1
140,7.3,0.365,0.49,2.5,0.088,39,106,0.9966,3.36,0.78,11,0
141,6.9,0.54,0.3,2.2,0.088,9,105,0.99725,3.25,1.18,10.5,1
142,9,0.47,0.31,2.7,0.084,24,125,0.9984,3.31,0.61,9.4,0
143,5.9,0.44,0,1.6,0.042,3,11,0.9944,3.48,0.85,11.7,1
144,6.5,0.39,0.23,8.3,0.051,28,91,0.9952,3.44,0.55,12.1,1
145,7.5,0.755,0,1.9,0.084,6,12,0.99672,3.34,0.49,9.7,0
146,8,0.67,0.3,2,0.06,38,62,0.9958,3.26,0.56,10.2,1
147,7.5,0.61,0.26,1.9,0.073,24,88,0.99612,3.3,0.53,9.8,0
148,7.2,0.37,0.32,2,0.062,15,28,0.9947,3.23,0.73,11.3,1
149,8.8,0.33,0.41,5.9,0.073,7,13,0.99658,3.3,0.62,12.1,1
150,7.5,0.77,0.2,8.1,0.098,30,92,0.99892,3.2,0.58,9.2,0
151,7.8,0.44,0.28,2.7,0.1,18,95,0.9966,3.22,0.67,9.4,0
152,8.3,0.615,0.22,2.6,0.087,6,19,0.9982,3.26,0.61,9.3,0
153,7.2,0.53,0.13,2,0.058,18,22,0.99573,3.21,0.68,9.9,1
154,11.6,0.23,0.57,1.8,0.074,3,8,0.9981,3.14,0.7,9.9,1
155,10.4,0.64,0.24,2.8,0.105,29,53,0.9998,3.24,0.67,9.9,0
156,8.4,0.62,0.09,2.2,0.084,11,108,0.9964,3.15,0.66,9.8,0
157,7.6,0.49,0.33,1.9,0.074,27,85,0.99706,3.41,0.58,9,0
158,7.6,0.74,0,1.9,0.1,6,12,0.99521,3.36,0.59,11,0
159,8.2,0.23,0.42,1.9,0.069,9,17,0.99376,3.21,0.54,12.3,1
160,7.1,0.52,0.03,2.6,0.076,21,92,0.99745,3.5,0.6,9.8,0
161,6.6,0.5,0.01,1.5,0.06,17,26,0.9952,3.4,0.58,9.8,1
162,7.7,0.75,0.27,3.8,0.11,34,89,0.99664,3.24,0.45,9.3,0
163,8,0.42,0.17,2,0.073,6,18,0.9972,3.29,0.61,9.2,1
164,8.9,0.4,0.32,5.6,0.087,10,47,0.9991,3.38,0.77,10.5,1
165,6.8,0.41,0.31,8.8,0.084,26,45,0.99824,3.38,0.64,10.1,1
166,9.1,0.37,0.32,2.1,0.064,4,15,0.99576,3.3,0.8,11.2,1
167,6,0.51,0,2.1,0.064,40,54,0.995,3.54,0.93,10.7,1
168,7.8,0.645,0,2,0.082,8,16,0.9964,3.38,0.59,9.8,1
169,7.5,0.38,0.57,2.3,0.106,5,12,0.99605,3.36,0.55,11.4,1
170,7,0.49,0.49,5.6,0.06,26,121,0.9974,3.34,0.76,10.5,0
171,9.6,0.68,0.24,2.2,0.087,5,28,0.9988,3.14,0.6,10.2,0
172,7.1,0.69,0.04,2.1,0.068,19,27,0.99712,3.44,0.67,9.8,0
173,6.4,0.47,0.4,2.4,0.071,8,19,0.9963,3.56,0.73,10.6,1
174,7.4,0.785,0.19,5.2,0.094,19,98,0.99713,3.16,0.52,9.566666667,1
175,7.6,0.43,0.29,2.1,0.075,19,66,0.99718,3.4,0.64,9.5,0
176,11.9,0.57,0.5,2.6,0.082,6,32,1.0006,3.12,0.78,10.7,1
177,7,0.69,0.08,1.8,0.097,22,89,0.9959,3.34,0.54,9.2,1
178,9,0.4,0.43,2.4,0.068,29,46,0.9943,3.2,0.6,12.2,1
179,8.2,0.59,0,2.5,0.093,19,58,1.0002,3.5,0.65,9.3,1
180,10.7,0.4,0.37,1.9,0.081,17,29,0.99674,3.12,0.65,11.2,1
181,6.8,0.56,0.22,1.8,0.074,15,24,0.99438,3.4,0.82,11.2,1
182,6.7,0.76,0.02,1.8,0.078,6,12,0.996,3.55,0.63,9.95,0
183,8.2,0.39,0.49,2.3,0.099,47,133,0.9979,3.38,0.99,9.8,0
184,7.5,0.42,0.32,2.7,0.067,7,25,0.99628,3.24,0.44,10.4,0
185,8.6,0.315,0.4,2.2,0.079,3,6,0.99512,3.27,0.67,11.9,1
186,10.5,0.39,0.46,2.2,0.075,14,27,0.99598,3.06,0.84,11.4,1
187,8.2,0.4,0.31,1.9,0.082,8,24,0.996,3.24,0.69,10.6,1
188,9.5,0.735,0.1,2.1,0.079,6,31,0.9986,3.23,0.56,10.1,1
189,9.8,0.88,0.25,2.5,0.104,35,155,1.001,3.41,0.67,11.2,0
190,8,0.59,0.16,1.8,0.065,3,16,0.9962,3.42,0.92,10.5,1
191,6.6,0.705,0.07,1.6,0.076,6,15,0.9962,3.44,0.58,10.7,0
192,7.2,0.62,0.06,2.7,0.077,15,85,0.99746,3.51,0.54,9.5,0
193,6.8,0.65,0.02,2.1,0.078,8,15,0.99498,3.35,0.62,10.4,1
194,6.7,0.855,0.02,1.9,0.064,29,38,0.99472,3.3,0.56,10.75,1
195,8.5,0.44,0.5,1.9,0.369,15,38,0.99634,3.01,1.1,9.4,0
196,9.8,1.24,0.34,2,0.079,32,151,0.998,3.15,0.53,9.5,0
197,8.1,0.73,0,2.5,0.081,12,24,0.99798,3.38,0.46,9.6,0
198,5.9,0.61,0.08,2.1,0.071,16,24,0.99376,3.56,0.77,11.1,1
199,10,0.31,0.47,2.6,0.085,14,33,0.99965,3.36,0.8,10.5,1
200,11.1,0.31,0.53,2.2,0.06,3,10,0.99572,3.02,0.83,10.9,1
201,7.3,0.305,0.39,1.2,0.059,7,11,0.99331,3.29,0.52,11.5,1
202,8,0.77,0.32,2.1,0.079,16,74,0.99656,3.27,0.5,9.8,1
203,8.9,0.62,0.19,3.9,0.17,51,148,0.9986,3.17,0.93,9.2,0
204,15.5,0.645,0.49,4.2,0.095,10,23,1.00315,2.92,0.74,11.1,0
205,11.6,0.53,0.66,3.65,0.121,6,14,0.9978,3.05,0.74,11.5,1
206,7,0.62,0.1,1.4,0.071,27,63,0.996,3.28,0.61,9.2,0
207,9.9,0.54,0.45,2.3,0.071,16,40,0.9991,3.39,0.62,9.4,0
208,10.4,0.24,0.49,1.8,0.075,6,20,0.9977,3.18,1.06,11,1
209,7.6,0.42,0.08,2.7,0.084,15,48,0.9968,3.21,0.59,10,0
210,7.5,0.55,0.24,2,0.078,10,28,0.9983,3.45,0.78,9.5,1
211,7.2,0.39,0.32,1.8,0.065,34,60,0.99714,3.46,0.78,9.9,0
212,8.2,0.915,0.27,2.1,0.088,7,23,0.9962,3.26,0.47,10,0
213,5,1.02,0.04,1.4,0.045,41,85,0.9938,3.75,0.48,10.5,0
214,7,0.43,0.36,1.6,0.089,14,37,0.99615,3.34,0.56,9.2,1
215,9.8,0.45,0.38,2.5,0.081,34,66,0.99726,3.15,0.58,9.8,0
216,7.9,1.04,0.05,2.2,0.084,13,29,0.9959,3.22,0.55,9.9,1
217,7,0.65,0.02,2.1,0.066,8,25,0.9972,3.47,0.67,9.5,1
218,9,0.6,0.29,2,0.069,32,73,0.99654,3.34,0.57,10,0
219,8.1,0.78,0.1,3.3,0.09,4,13,0.99855,3.36,0.49,9.5,0
220,9,0.46,0.23,2.8,0.092,28,104,0.9983,3.1,0.56,9.2,0
221,7.1,0.31,0.3,2.2,0.053,36,127,0.9965,2.94,1.62,9.5,0
222,9.2,0.755,0.18,2.2,0.148,10,103,0.9969,2.87,1.36,10.2,1
223,8.2,0.24,0.34,5.1,0.062,8,22,0.9974,3.22,0.94,10.9,1
224,9,0.36,0.52,2.1,0.111,5,10,0.99568,3.31,0.62,11.3,1
225,8.3,0.42,0.38,2.5,0.094,24,60,0.9979,3.31,0.7,10.8,1
226,7.2,0.37,0.32,2,0.062,15,28,0.9947,3.23,0.73,11.3,1
227,5.6,0.5,0.09,2.3,0.049,17,99,0.9937,3.63,0.63,13,0
228,9.6,0.5,0.36,2.8,0.116,26,55,0.99722,3.18,0.68,10.9,0
229,8,0.18,0.37,0.9,0.049,36,109,0.99007,2.89,0.44,12.7,1
230,12.2,0.48,0.54,2.6,0.085,19,64,1,3.1,0.61,10.5,1
231,6.5,0.53,0.06,2,0.063,29,44,0.99489,3.38,0.83,10.3,1
232,11.3,0.36,0.66,2.4,0.123,3,8,0.99642,3.2,0.53,11.9,1
233,7.2,0.52,0.07,1.4,0.074,5,20,0.9973,3.32,0.81,9.6,1
234,9.5,0.86,0.26,1.9,0.079,13,28,0.99712,3.25,0.62,10,0
235,9.9,0.32,0.56,2,0.073,3,8,0.99534,3.15,0.73,11.4,1
236,7.8,0.53,0.01,1.6,0.077,3,19,0.995,3.16,0.46,9.8,0
237,8.2,0.33,0.32,2.8,0.067,4,12,0.99473,3.3,0.76,12.8,1
238,7.4,0.68,0.16,1.8,0.078,12,39,0.9977,3.5,0.7,9.9,1
239,6.9,0.74,0.03,2.3,0.054,7,16,0.99508,3.45,0.63,11.5,1
240,7.1,0.43,0.42,5.5,0.071,28,128,0.9973,3.42,0.71,10.5,0
241,9.9,0.63,0.24,2.4,0.077,6,33,0.9974,3.09,0.57,9.4,0
242,6.1,0.4,0.16,1.8,0.069,11,25,0.9955,3.42,0.74,10.1,1
243,6.9,0.54,0.04,3,0.077,7,27,0.9987,3.69,0.91,9.4,1
244,15.9,0.36,0.65,7.5,0.096,22,71,0.9976,2.98,0.84,14.9,0
245,7.9,0.6,0.06,1.6,0.069,15,59,0.9964,3.3,0.46,9.4,0
246,10.3,0.59,0.42,2.8,0.09,35,73,0.999,3.28,0.7,9.5,1
247,6.4,0.4,0.23,1.6,0.066,5,12,0.9958,3.34,0.56,9.2,0
248,7.7,0.18,0.34,2.7,0.066,15,58,0.9947,3.37,0.78,11.8,1
249,8.8,0.48,0.41,3.3,0.092,26,52,0.9982,3.31,0.53,10.5,1
250,6.6,0.58,0.02,2.4,0.069,19,40,0.99387,3.38,0.66,12.6,1
251,7.2,0.36,0.46,2.1,0.074,24,44,0.99534,3.4,0.85,11,1
252,6.7,0.48,0.08,2.1,0.064,18,34,0.99552,3.33,0.64,9.7,0
253,8.9,0.75,0.14,2.5,0.086,9,30,0.99824,3.34,0.64,10.5,0
254,8.6,0.37,0.65,6.4,0.08,3,8,0.99817,3.27,0.58,11,0
255,7.8,0.545,0.12,2.5,0.068,11,35,0.996,3.34,0.61,11.6,1
256,9,0.54,0.49,2.9,0.094,41,110,0.9982,3.08,0.61,9.2,0
257,7.6,0.43,0.31,2.1,0.069,13,74,0.9958,3.26,0.54,9.9,1
258,7.8,0.58,0.13,2.1,0.102,17,36,0.9944,3.24,0.53,11.2,1
259,7.8,0.53,0.33,2.4,0.08,24,144,0.99655,3.3,0.6,9.5,0
260,6.8,0.59,0.06,6,0.06,11,18,0.9962,3.41,0.59,10.8,1
261,9.9,0.54,0.26,2,0.111,7,60,0.99709,2.94,0.98,10.2,0
262,7.9,0.765,0,2,0.084,9,22,0.99619,3.33,0.68,10.9,1
263,6.3,1.02,0,2,0.083,17,24,0.99437,3.59,0.55,11.2,0
264,9.8,0.51,0.19,3.2,0.081,8,30,0.9984,3.23,0.58,10.5,1
265,9.5,0.55,0.66,2.3,0.387,12,37,0.9982,3.17,0.67,9.6,0
266,13.3,0.34,0.52,3.2,0.094,17,53,1.0014,3.05,0.81,9.5,1
267,7.8,0.57,0.31,1.8,0.069,26,120,0.99625,3.29,0.53,9.3,0
268,12.3,0.5,0.49,2.2,0.089,5,14,1.0002,3.19,0.44,9.6,0
269,7.7,0.69,0.49,1.8,0.115,20,112,0.9968,3.21,0.71,9.3,0
270,9.9,0.35,0.38,1.5,0.058,31,47,0.99676,3.26,0.82,10.6,1
271,6.7,0.46,0.24,1.7,0.077,18,34,0.9948,3.39,0.6,10.6,1
272,8.5,0.21,0.52,1.9,0.09,9,23,0.99648,3.36,0.67,10.4,0
273,8.9,0.32,0.31,2,0.088,12,19,0.9957,3.17,0.55,10.4,1
274,7.4,0.59,0.08,4.4,0.086,6,29,0.9974,3.38,0.5,9,0
275,8.3,0.655,0.12,2.3,0.083,15,113,0.9966,3.17,0.66,9.8,0
276,10.8,0.4,0.41,2.2,0.084,7,17,0.9984,3.08,0.67,9.3,1
277,9.7,0.32,0.54,2.5,0.094,28,83,0.9984,3.28,0.82,9.6,0
278,6.6,0.58,0.02,2,0.062,37,53,0.99374,3.35,0.76,11.6,1
279,8.4,0.31,0.29,3.1,0.194,14,26,0.99536,3.22,0.78,12,1
280,7.4,0.52,0.13,2.4,0.078,34,61,0.99528,3.43,0.59,10.8,1
281,10,0.29,0.4,2.9,0.098,10,26,1.0006,3.48,0.91,9.7,0
282,7.4,0.36,0.34,1.8,0.075,18,38,0.9933,3.38,0.88,13.6,1
283,7.1,0.66,0,2.4,0.052,6,11,0.99318,3.35,0.66,12.7,1
284,9.3,0.775,0.27,2.8,0.078,24,56,0.9984,3.31,0.67,10.6,1
285,6.1,0.58,0.23,2.5,0.044,16,70,0.99352,3.46,0.65,12.5,1
286,6.8,0.56,0.22,1.8,0.074,15,24,0.99438,3.4,0.82,11.2,1
287,11.4,0.36,0.69,2.1,0.09,6,21,1,3.17,0.62,9.2,1
288,7.3,0.91,0.1,1.8,0.074,20,56,0.99672,3.35,0.56,9.2,0
289,8.1,0.785,0.52,2,0.122,37,153,0.9969,3.21,0.69,9.3,0
290,11.5,0.18,0.51,4,0.104,4,23,0.9996,3.28,0.97,10.1,1
291,8.3,1.02,0.02,3.4,0.084,6,11,0.99892,3.48,0.49,11,0
292,7.9,0.43,0.21,1.6,0.106,10,37,0.9966,3.17,0.91,9.5,0
293,8.8,0.3,0.38,2.3,0.06,19,72,0.99543,3.39,0.72,11.8,1
294,7.6,0.42,0.25,3.9,0.104,28,90,0.99784,3.15,0.57,9.1,0
295,6,0.5,0,1.4,0.057,15,26,0.99448,3.36,0.45,9.5,0
296,9.4,0.5,0.34,3.6,0.082,5,14,0.9987,3.29,0.52,10.7,1
297,8.1,0.33,0.44,1.5,0.042,6,12,0.99542,3.35,0.61,10.7,0
298,8.2,1,0.09,2.3,0.065,7,37,0.99685,3.32,0.55,9,1
299,5.3,0.47,0.11,2.2,0.048,16,89,0.99182,3.54,0.88,13.6,1
300,7.3,0.65,0,1.2,0.065,15,21,0.9946,3.39,0.47,10,1
301,8.3,0.26,0.37,1.4,0.076,8,23,0.9974,3.26,0.7,9.6,1
302,10.5,0.24,0.47,2.1,0.066,6,24,0.9978,3.15,0.9,11,1
303,10.4,0.33,0.63,2.8,0.084,5,22,0.9998,3.26,0.74,11.2,1
304,7.7,0.57,0.21,1.5,0.069,4,9,0.99458,3.16,0.54,9.8,1
305,7.8,0.7,0.06,1.9,0.079,20,35,0.99628,3.4,0.69,10.9,0
306,9.9,0.5,0.24,2.3,0.103,6,14,0.9978,3.34,0.52,10,0
307,6.9,0.605,0.12,10.7,0.073,40,83,0.9993,3.45,0.52,9.4,1
308,8.4,0.36,0.32,2.2,0.081,32,79,0.9964,3.3,0.72,11,1
309,9.4,0.41,0.48,4.6,0.072,10,20,0.9973,3.34,0.79,12.2,1
310,10.5,0.51,0.64,2.4,0.107,6,15,0.9973,3.09,0.66,11.8,1
311,8.3,0.66,0.15,1.9,0.079,17,42,0.9972,3.31,0.54,9.6,1
312,8.8,0.59,0.18,2.9,0.089,12,74,0.99738,3.14,0.54,9.4,0
313,7.2,0.38,0.38,2.8,0.068,23,42,0.99356,3.34,0.72,12.9,1
314,9.8,0.5,0.34,2.3,0.094,10,45,0.99864,3.24,0.6,9.7,1
315,6.9,0.52,0.25,2.6,0.081,10,37,0.99685,3.46,0.5,11,0
316,7.5,0.57,0.02,2.6,0.077,11,35,0.99557,3.36,0.62,10.8,1
317,9,0.53,0.49,1.9,0.171,6,25,0.9975,3.27,0.61,9.4,1
318,9.9,0.35,0.41,2.3,0.083,11,61,0.9982,3.21,0.5,9.5,0
319,6.6,0.8,0.03,7.8,0.079,6,12,0.9963,3.52,0.5,12.2,0
320,10,0.38,0.38,1.6,0.169,27,90,0.99914,3.15,0.65,8.5,0
321,7.2,0.54,0.27,2.6,0.084,12,78,0.9964,3.39,0.71,11,0
322,8,0.25,0.43,1.7,0.067,22,50,0.9946,3.38,0.6,11.9,1
323,10.4,0.38,0.46,2.1,0.104,6,10,0.99664,3.12,0.65,11.8,1
324,11.5,0.35,0.49,3.3,0.07,10,37,1.0003,3.32,0.91,11,1
325,9.1,0.3,0.34,2,0.064,12,25,0.99516,3.26,0.84,11.7,1
326,10,0.43,0.33,2.7,0.095,28,89,0.9984,3.22,0.68,10,0
327,6.6,0.735,0.02,7.9,0.122,68,124,0.9994,3.47,0.53,9.9,0
328,7.1,0.43,0.42,5.5,0.07,29,129,0.9973,3.42,0.72,10.5,0
329,11.9,0.38,0.49,2.7,0.098,12,42,1.0004,3.16,0.61,10.3,0
330,6.6,0.61,0.01,1.9,0.08,8,25,0.99746,3.69,0.73,10.5,0
331,7.6,0.63,0.03,2,0.08,27,43,0.99578,3.44,0.64,10.9,1
332,7.1,0.75,0.01,2.2,0.059,11,18,0.99242,3.39,0.4,12.8,1
333,7.4,0.36,0.29,2.6,0.087,26,72,0.99645,3.39,0.68,11,0
334,8.4,0.62,0.12,1.8,0.072,38,46,0.99504,3.38,0.89,11.8,1
335,10.8,0.89,0.3,2.6,0.132,7,60,0.99786,2.99,1.18,10.2,0
336,7.7,0.96,0.2,2,0.047,15,60,0.9955,3.36,0.44,10.9,0
337,7.9,0.35,0.21,1.9,0.073,46,102,0.9964,3.27,0.58,9.5,0
338,7,0.65,0.02,2.1,0.066,8,25,0.9972,3.47,0.67,9.5,1
339,6.8,0.51,0.01,2.1,0.074,9,25,0.9958,3.33,0.56,9.5,1
340,5.5,0.49,0.03,1.8,0.044,28,87,0.9908,3.5,0.82,14,1
341,10,0.48,0.24,2.7,0.102,13,32,1,3.28,0.56,10,1
342,8.5,0.66,0.2,2.1,0.097,23,113,0.99733,3.13,0.48,9.2,0
343,12.8,0.84,0.63,2.4,0.088,13,35,0.9997,3.1,0.6,10.4,1
344,11.6,0.41,0.58,2.8,0.096,25,101,1.00024,3.13,0.53,10,0
345,6.9,0.63,0.33,6.7,0.235,66,115,0.99787,3.22,0.56,9.5,0
346,9.8,0.98,0.32,2.3,0.078,35,152,0.998,3.25,0.48,9.4,0
347,6.8,0.66,0.07,1.6,0.07,16,61,0.99572,3.29,0.6,9.3,0
348,6.4,0.865,0.03,3.2,0.071,27,58,0.995,3.61,0.49,12.7,1
349,7,0.69,0.07,2.5,0.091,15,21,0.99572,3.38,0.6,11.3,1
350,8,0.725,0.24,2.8,0.083,10,62,0.99685,3.35,0.56,10,1
351,7,0.685,0,1.9,0.099,9,22,0.99606,3.34,0.6,9.7,0
352,7.7,0.69,0.05,2.7,0.075,15,27,0.9974,3.26,0.61,9.1,0
353,6.3,0.36,0.19,3.2,0.075,15,39,0.9956,3.56,0.52,12.7,1
354,9.3,0.32,0.57,2,0.074,27,65,0.9969,3.28,0.79,10.7,0
355,6.8,0.47,0.08,2.2,0.064,18,38,0.99553,3.3,0.65,9.6,1
356,6.5,0.9,0,1.6,0.052,9,17,0.99467,3.5,0.63,10.9,1
357,8.4,0.36,0.32,2.2,0.081,32,79,0.9964,3.3,0.72,11,1
358,8.2,0.635,0.1,2.1,0.073,25,60,0.99638,3.29,0.75,10.9,1
359,8.1,0.87,0,2.2,0.084,10,31,0.99656,3.25,0.5,9.8,0
360,11.7,0.28,0.47,1.7,0.054,17,32,0.99686,3.15,0.67,10.6,1
361,6.5,0.885,0,2.3,0.166,6,12,0.99551,3.56,0.51,10.8,0
362,10.6,0.48,0.64,2.2,0.111,6,20,0.997,3.26,0.66,11.7,1
363,6.8,0.915,0.29,4.8,0.07,15,39,0.99577,3.53,0.54,11.1,0
364,6.4,0.79,0.04,2.2,0.061,11,17,0.99588,3.53,0.65,10.4,1
365,10.4,0.26,0.48,1.9,0.066,6,10,0.99724,3.33,0.87,10.9,1
366,5.2,0.645,0,2.15,0.08,15,28,0.99444,3.78,0.61,12.5,1
367,7.2,0.58,0.54,2.1,0.114,3,9,0.99719,3.33,0.57,10.3,0
368,10.6,0.5,0.45,2.6,0.119,34,68,0.99708,3.23,0.72,10.9,1
369,8.7,0.7,0.24,2.5,0.226,5,15,0.9991,3.32,0.6,9,1
370,5.9,0.645,0.12,2,0.075,32,44,0.99547,3.57,0.71,10.2,0
371,6.5,0.46,0.14,2.4,0.114,9,37,0.99732,3.66,0.65,9.8,0
372,12.3,0.39,0.63,2.3,0.091,6,18,1.0004,3.16,0.49,9.5,0
373,7.8,0.5,0.12,1.8,0.178,6,21,0.996,3.28,0.87,9.8,1
374,7.1,0.68,0.07,1.9,0.075,16,51,0.99685,3.38,0.52,9.5,0
375,9.1,0.34,0.42,1.8,0.058,9,18,0.99392,3.18,0.55,11.4,0
376,10.5,0.24,0.47,2.1,0.066,6,24,0.9978,3.15,0.9,11,1
377,7,0.69,0.07,2.5,0.091,15,21,0.99572,3.38,0.6,11.3,1
378,8.3,0.34,0.4,2.4,0.065,24,48,0.99554,3.34,0.86,11,1
379,7.5,0.51,0.02,1.7,0.084,13,31,0.99538,3.36,0.54,10.5,1
380,8.9,0.35,0.4,3.6,0.11,12,24,0.99549,3.23,0.7,12,1
381,7.2,0.61,0.08,4,0.082,26,108,0.99641,3.25,0.51,9.4,0
382,7.9,0.37,0.23,1.8,0.077,23,49,0.9963,3.28,0.67,9.3,0
383,5.9,0.19,0.21,1.7,0.045,57,135,0.99341,3.32,0.44,9.5,0
384,5.4,0.74,0,1.2,0.041,16,46,0.99258,4.01,0.59,12.5,1
385,7.6,0.39,0.31,2.3,0.082,23,71,0.9982,3.52,0.65,9.7,0
386,7.1,0.43,0.42,5.5,0.071,28,128,0.9973,3.42,0.71,10.5,0
387,8.5,0.585,0.18,2.1,0.078,5,30,0.9967,3.2,0.48,9.8,1
388,8.8,0.61,0.19,4,0.094,30,69,0.99787,3.22,0.5,10,1
389,12.6,0.31,0.72,2.2,0.072,6,29,0.9987,2.88,0.82,9.8,1
390,7,0.54,0.09,2,0.081,10,16,0.99479,3.43,0.59,11.5,1
391,10.4,0.34,0.58,3.7,0.174,6,16,0.997,3.19,0.7,11.3,1
392,9.7,0.69,0.32,2.5,0.088,22,91,0.9979,3.29,0.62,10.1,0
393,9.1,0.45,0.35,2.4,0.08,23,78,0.9987,3.38,0.62,9.5,0
394,7.8,0.53,0.04,1.7,0.076,17,31,0.9964,3.33,0.56,10,1
395,8.6,0.47,0.47,2.4,0.074,7,29,0.9979,3.08,0.46,9.5,0
396,13,0.47,0.49,4.3,0.085,6,47,1.0021,3.3,0.68,12.7,1
397,10.2,0.23,0.37,2.2,0.057,14,36,0.99614,3.23,0.49,9.3,0
398,10.1,0.31,0.44,2.3,0.08,22,46,0.9988,3.32,0.67,9.7,1
399,10.3,0.41,0.42,2.4,0.213,6,14,0.9994,3.19,0.62,9.5,1
400,10.4,0.44,0.73,6.55,0.074,38,76,0.999,3.17,0.85,12,1
401,5.6,0.615,0,1.6,0.089,16,59,0.9943,3.58,0.52,9.9,0
402,6.4,0.39,0.33,3.3,0.046,12,53,0.99294,3.36,0.62,12.2,1
403,10.1,0.28,0.46,1.8,0.05,5,13,0.9974,3.04,0.79,10.2,1
404,6.2,0.64,0.09,2.5,0.081,15,26,0.99538,3.57,0.63,12,0
405,8.7,0.48,0.3,2.8,0.066,10,28,0.9964,3.33,0.67,11.2,1
406,7.1,0.16,0.44,2.5,0.068,17,31,0.99328,3.35,0.54,12.4,1
407,5.3,0.57,0.01,1.7,0.054,5,27,0.9934,3.57,0.84,12.5,1
408,7.5,0.27,0.34,2.3,0.05,4,8,0.9951,3.4,0.64,11,1
409,7,0.22,0.3,1.8,0.065,16,20,0.99672,3.61,0.82,10,1
410,6.5,0.34,0.27,2.8,0.067,8,44,0.99384,3.21,0.56,12,1
411,9.5,0.37,0.52,2,0.082,6,26,0.998,3.18,0.51,9.5,0
412,7.5,0.64,0,2.4,0.077,18,29,0.9965,3.32,0.6,10,1
413,8.4,0.745,0.11,1.9,0.09,16,63,0.9965,3.19,0.82,9.6,0
414,9.4,0.33,0.59,2.8,0.079,9,30,0.9976,3.12,0.54,12,1
415,6.9,0.54,0.04,3,0.077,7,27,0.9987,3.69,0.91,9.4,1
416,6.7,0.675,0.07,2.4,0.089,17,82,0.9958,3.35,0.54,10.1,0
417,8.1,0.87,0,2.2,0.084,10,31,0.99656,3.25,0.5,9.8,0
418,8.2,0.28,0.4,2.4,0.052,4,10,0.99356,3.33,0.7,12.8,1
419,7.7,0.64,0.21,2.2,0.077,32,133,0.9956,3.27,0.45,9.9,0
420,11.9,0.58,0.66,2.5,0.072,6,37,0.9992,3.05,0.56,10,0
421,9.8,0.34,0.39,1.4,0.066,3,7,0.9947,3.19,0.55,11.4,1
422,6.5,0.88,0.03,5.6,0.079,23,47,0.99572,3.58,0.5,11.2,0
423,13.2,0.38,0.55,2.7,0.081,5,16,1.0006,2.98,0.54,9.4,0
424,9.3,0.36,0.39,1.5,0.08,41,55,0.99652,3.47,0.73,10.9,1
425,7.2,0.33,0.33,1.7,0.061,3,13,0.996,3.23,1.1,10,1
426,7.8,0.52,0.25,1.9,0.081,14,38,0.9984,3.43,0.65,9,1
427,8.9,0.31,0.57,2,0.111,26,85,0.9971,3.26,0.53,9.7,0
428,7.4,0.6,0.26,2.1,0.083,17,91,0.99616,3.29,0.56,9.8,1
429,7.2,0.36,0.46,2.1,0.074,24,44,0.99534,3.4,0.85,11,1
430,7.9,0.72,0.17,2.6,0.096,20,38,0.9978,3.4,0.53,9.5,0
431,9.5,0.885,0.27,2.3,0.084,31,145,0.9978,3.24,0.53,9.4,0
432,7.2,0.45,0.15,2,0.078,10,28,0.99609,3.29,0.51,9.9,1
433,8.3,0.43,0.3,3.4,0.079,7,34,0.99788,3.36,0.61,10.5,0
434,9.3,0.715,0.24,2.1,0.07,5,20,0.9966,3.12,0.59,9.9,0
435,7.9,0.66,0,1.4,0.096,6,13,0.99569,3.43,0.58,9.5,0
436,7.1,0.6,0,1.8,0.074,16,34,0.9972,3.47,0.7,9.9,1
437,6.4,0.53,0.09,3.9,0.123,14,31,0.9968,3.5,0.67,11,0
438,7.7,0.28,0.3,2,0.062,18,34,0.9952,3.28,0.9,11.3,1
439,9.9,0.74,0.28,2.6,0.078,21,77,0.998,3.28,0.51,9.8,0
440,10,0.59,0.31,2.2,0.09,26,62,0.9994,3.18,0.63,10.2,1
441,5.4,0.42,0.27,2,0.092,23,55,0.99471,3.78,0.64,12.3,1
442,6.9,0.63,0.01,2.4,0.076,14,39,0.99522,3.34,0.53,10.8,1
443,7.8,0.57,0.09,2.3,0.065,34,45,0.99417,3.46,0.74,12.7,1
444,6.3,0.3,0.48,1.8,0.069,18,61,0.9959,3.44,0.78,10.3,1
445,6.5,0.46,0.14,2.4,0.114,9,37,0.99732,3.66,0.65,9.8,0
446,5.9,0.395,0.13,2.4,0.056,14,28,0.99362,3.62,0.67,12.4,1
447,11.1,0.31,0.49,2.7,0.094,16,47,0.9986,3.12,1.02,10.6,1
448,9.3,0.36,0.39,1.5,0.08,41,55,0.99652,3.47,0.73,10.9,1
449,7.6,1.58,0,2.1,0.137,5,9,0.99476,3.5,0.4,10.9,0
450,8.6,0.53,0.22,2,0.1,7,27,0.9967,3.2,0.56,10.2,1
451,6.9,0.58,0.2,1.75,0.058,8,22,0.99322,3.38,0.49,11.7,0
452,7.1,0.68,0,2.2,0.073,12,22,0.9969,3.48,0.5,9.3,0
453,7.1,0.61,0.02,2.5,0.081,17,87,0.99745,3.48,0.6,9.7,1
454,7.6,0.3,0.42,2,0.052,6,24,0.9963,3.44,0.82,11.9,1
455,8.6,0.52,0.38,1.5,0.096,5,18,0.99666,3.2,0.52,9.4,0
456,15,0.21,0.44,2.2,0.075,10,24,1.00005,3.07,0.84,9.2,1
457,8.2,0.4,0.44,2.8,0.089,11,43,0.9975,3.53,0.61,10.5,1
458,8.3,0.6,0.13,2.6,0.085,6,24,0.9984,3.31,0.59,9.2,1
459,8.1,0.66,0.7,2.2,0.098,25,129,0.9972,3.08,0.53,9,0
460,9.2,0.52,1,3.4,0.61,32,69,0.9996,2.74,2,9.4,0
461,9.1,0.29,0.33,2.05,0.063,13,27,0.99516,3.26,0.84,11.7,1
462,8.2,0.5,0.35,2.9,0.077,21,127,0.9976,3.23,0.62,9.4,0
463,7,0.685,0,1.9,0.067,40,63,0.9979,3.6,0.81,9.9,0
464,8.5,0.28,0.56,1.8,0.092,35,103,0.9969,3.3,0.75,10.5,1
465,8.6,0.49,0.28,1.9,0.11,20,136,0.9972,2.93,1.95,9.9,1
466,7.8,0.41,0.68,1.7,0.467,18,69,0.9973,3.08,1.31,9.3,0
467,9,0.785,0.24,1.7,0.078,10,21,0.99692,3.29,0.67,10,0
468,6.9,1.09,0.06,2.1,0.061,12,31,0.9948,3.51,0.43,11.4,0
469,7.9,0.32,0.51,1.8,0.341,17,56,0.9969,3.04,1.08,9.2,1
470,10.7,0.4,0.48,2.1,0.125,15,49,0.998,3.03,0.81,9.7,1
471,6.7,0.58,0.08,1.8,0.097,15,65,0.9959,3.28,0.54,9.2,0
472,8.3,0.65,0.1,2.9,0.089,17,40,0.99803,3.29,0.55,9.5,0
473,8.3,0.3,0.49,3.8,0.09,11,24,0.99498,3.27,0.64,12.1,1
474,10.2,0.29,0.65,2.4,0.075,6,17,0.99565,3.22,0.63,11.8,1
475,7.4,0.49,0.27,2.1,0.071,14,25,0.99388,3.35,0.63,12,1
476,7.7,0.49,0.26,1.9,0.062,9,31,0.9966,3.39,0.64,9.6,0
477,7,0.23,0.4,1.6,0.063,21,67,0.9952,3.5,0.63,11.1,0
478,7.4,0.49,0.27,2.1,0.071,14,25,0.99388,3.35,0.63,12,1
479,6,0.33,0.32,12.9,0.054,6,113,0.99572,3.3,0.56,11.5,0
480,7.6,0.55,0.21,2.2,0.071,7,28,0.9964,3.28,0.55,9.7,0
481,5.1,0.51,0.18,2.1,0.042,16,101,0.9924,3.46,0.87,12.9,1
482,7.5,0.5,0.36,6.1,0.071,17,102,0.9978,3.35,0.8,10.5,0
483,7.4,0.29,0.38,1.7,0.062,9,30,0.9968,3.41,0.53,9.5,1
484,11.1,0.18,0.48,1.5,0.068,7,15,0.9973,3.22,0.64,10.1,1
485,9.2,0.53,0.24,2.6,0.078,28,139,0.99788,3.21,0.57,9.5,0
486,9.2,0.46,0.23,2.6,0.091,18,77,0.99922,3.15,0.51,9.4,0
487,7.6,0.36,0.31,1.7,0.079,26,65,0.99716,3.46,0.62,9.5,1
488,8.1,0.38,0.48,1.8,0.157,5,17,0.9976,3.3,1.05,9.4,0
489,8,0.71,0,2.6,0.08,11,34,0.9976,3.44,0.53,9.5,0
490,9.1,0.775,0.22,2.2,0.079,12,48,0.9976,3.18,0.51,9.6,0
491,7.2,0.63,0,1.9,0.097,14,38,0.99675,3.37,0.58,9,1
492,8.6,0.685,0.1,1.6,0.092,3,12,0.99745,3.31,0.65,9.55,1
493,8.3,0.26,0.42,2,0.08,11,27,0.9974,3.21,0.8,9.4,1
494,7.6,0.46,0.11,2.6,0.079,12,49,0.9968,3.21,0.57,10,0
495,7.1,0.71,0,1.9,0.08,14,35,0.9972,3.47,0.55,9.4,0
496,7.9,0.72,0.01,1.9,0.076,7,32,0.99668,3.39,0.54,9.6,0
497,9.9,0.54,0.45,2.3,0.071,16,40,0.9991,3.39,0.62,9.4,0
498,7.2,0.38,0.31,2,0.056,15,29,0.99472,3.23,0.76,11.3,1
499,6.1,0.56,0,2.2,0.079,6,9,0.9948,3.59,0.54,11.5,1
500,6,0.58,0.2,2.4,0.075,15,50,0.99467,3.58,0.67,12.5,1
501,11.1,0.45,0.73,3.2,0.066,6,22,0.9986,3.17,0.66,11.2,1
502,9.3,0.49,0.36,1.7,0.081,3,14,0.99702,3.27,0.78,10.9,1
503,7.9,0.545,0.06,4,0.087,27,61,0.9965,3.36,0.67,10.7,1
504,6.5,0.615,0,1.9,0.065,9,18,0.9972,3.46,0.65,9.2,0
505,11.5,0.59,0.59,2.6,0.087,13,49,0.9988,3.18,0.65,11,1
506,10.9,0.53,0.49,4.6,0.118,10,17,1.0002,3.07,0.56,11.7,1
507,5.8,0.61,0.11,1.8,0.066,18,28,0.99483,3.55,0.66,10.9,1
508,9.3,0.41,0.39,2.2,0.064,12,31,0.9984,3.26,0.65,10.2,0
509,8.4,0.34,0.42,2.1,0.072,23,36,0.99392,3.11,0.78,12.4,1
510,7.5,0.58,0.14,2.2,0.077,27,60,0.9963,3.28,0.59,9.8,0
511,6.2,0.36,0.24,2.2,0.095,19,42,0.9946,3.57,0.57,11.7,1
512,7,0.51,0.09,2.1,0.062,4,9,0.99584,3.35,0.54,10.5,0
513,7,0.6,0.12,2.2,0.083,13,28,0.9966,3.52,0.62,10.2,1
514,8.8,0.52,0.34,2.7,0.087,24,122,0.9982,3.26,0.61,9.5,0
515,7.7,0.915,0.12,2.2,0.143,7,23,0.9964,3.35,0.65,10.2,1
516,6,0.5,0,1.4,0.057,15,26,0.99448,3.36,0.45,9.5,0
517,7.8,0.5,0.09,2.2,0.115,10,42,0.9971,3.18,0.62,9.5,0
518,7.8,0.55,0,1.7,0.07,7,17,0.99659,3.26,0.64,9.4,1
519,7.3,0.735,0,2.2,0.08,18,28,0.99765,3.41,0.6,9.4,0
520,5,0.4,0.5,4.3,0.046,29,80,0.9902,3.49,0.66,13.6,1
521,8.1,0.545,0.18,1.9,0.08,13,35,0.9972,3.3,0.59,9,1
522,8.2,0.6,0.17,2.3,0.072,11,73,0.9963,3.2,0.45,9.3,0
523,7.2,0.655,0.03,1.8,0.078,7,12,0.99587,3.34,0.39,9.5,0
524,10.2,0.36,0.64,2.9,0.122,10,41,0.998,3.23,0.66,12.5,1
525,7.8,0.43,0.7,1.9,0.464,22,67,0.9974,3.13,1.28,9.4,0
526,13.4,0.27,0.62,2.6,0.082,6,21,1.0002,3.16,0.67,9.7,1
527,9.1,0.64,0.23,3.1,0.095,13,38,0.9998,3.28,0.59,9.7,0
528,10.7,0.35,0.53,2.6,0.07,5,16,0.9972,3.15,0.65,11,1
529,10.8,0.29,0.42,1.6,0.084,19,27,0.99545,3.28,0.73,11.9,1
530,6.9,0.635,0.17,2.4,0.241,6,18,0.9961,3.4,0.59,10.3,1
531,11,0.26,0.68,2.55,0.085,10,25,0.997,3.18,0.61,11.8,0
532,9.3,0.36,0.39,1.5,0.08,41,55,0.99652,3.47,0.73,10.9,1
533,8.2,1.33,0,1.7,0.081,3,12,0.9964,3.53,0.49,10.9,0
534,6.1,0.21,0.4,1.4,0.066,40.5,165,0.9912,3.25,0.59,11.9,1
535,6.6,0.61,0.01,1.9,0.08,8,25,0.99746,3.69,0.73,10.5,0
536,9.3,0.43,0.44,1.9,0.085,9,22,0.99708,3.28,0.55,9.5,0
537,7.3,0.835,0.03,2.1,0.092,10,19,0.9966,3.39,0.47,9.6,0
538,8.4,0.62,0.12,1.8,0.072,38,46,0.99504,3.38,0.89,11.8,1
539,6.9,0.765,0.18,2.4,0.243,5.5,48,0.99612,3.4,0.6,10.3,1
540,7.4,0.965,0,2.2,0.088,16,32,0.99756,3.58,0.67,10.2,0
541,10.9,0.39,0.47,1.8,0.118,6,14,0.9982,3.3,0.75,9.8,1
542,8.1,0.825,0.24,2.1,0.084,5,13,0.9972,3.37,0.77,10.7,1
543,6.2,0.58,0,1.6,0.065,8,18,0.9966,3.56,0.84,9.4,0
544,6.3,0.39,0.08,1.7,0.066,3,20,0.9954,3.34,0.58,9.4,0
545,7.5,0.49,0.19,1.9,0.076,10,44,0.9957,3.39,0.54,9.7,0
546,7.7,0.39,0.12,1.7,0.097,19,27,0.99596,3.16,0.49,9.4,0
547,6.8,0.61,0.04,1.5,0.057,5,10,0.99525,3.42,0.6,9.5,0
548,9.8,0.3,0.39,1.7,0.062,3,9,0.9948,3.14,0.57,11.5,1
549,10.7,0.9,0.34,6.6,0.112,23,99,1.00289,3.22,0.68,9.3,0
550,6.6,0.56,0.14,2.4,0.064,13,29,0.99397,3.42,0.62,11.7,1
551,8.6,0.63,0.17,2.9,0.099,21,119,0.998,3.09,0.52,9.3,0
552,9.1,0.36,0.39,1.8,0.06,21,55,0.99495,3.18,0.82,11,1
553,7.5,0.42,0.31,1.6,0.08,15,42,0.9978,3.31,0.64,9,0
554,7.2,0.62,0.06,2.7,0.077,15,85,0.99746,3.51,0.54,9.5,0
555,12.6,0.38,0.66,2.6,0.088,10,41,1.001,3.17,0.68,9.8,1
556,9.6,0.42,0.35,2.1,0.083,17,38,0.99622,3.23,0.66,11.1,1
557,10.5,0.26,0.47,1.9,0.078,6,24,0.9976,3.18,1.04,10.9,1
558,9.7,0.31,0.47,1.6,0.062,13,33,0.9983,3.27,0.66,10,1
559,8.8,0.24,0.35,1.7,0.055,13,27,0.99394,3.14,0.59,11.3,1
560,9.9,0.74,0.19,5.8,0.111,33,76,0.99878,3.14,0.55,9.4,0
561,8.1,0.66,0.22,2.2,0.069,9,23,0.9968,3.3,1.2,10.3,0
562,11.8,0.33,0.49,3.4,0.093,54,80,1.0002,3.3,0.76,10.7,1
563,6.7,0.64,0.23,2.1,0.08,11,119,0.99538,3.36,0.7,10.9,0
564,7.8,0.645,0,5.5,0.086,5,18,0.9986,3.4,0.55,9.6,1
565,8.6,0.45,0.31,2.6,0.086,21,50,0.9982,3.37,0.91,9.9,1
566,9.6,0.32,0.47,1.4,0.056,9,24,0.99695,3.22,0.82,10.3,1
567,7.7,0.41,0.76,1.8,0.611,8,45,0.9968,3.06,1.26,9.4,0
568,13.3,0.29,0.75,2.8,0.084,23,43,0.9986,3.04,0.68,11.4,1
569,8.6,0.49,0.51,2,0.422,16,62,0.9979,3.03,1.17,9,0
570,9.2,0.59,0.24,3.3,0.101,20,47,0.9988,3.26,0.67,9.6,0
571,6.2,0.51,0.14,1.9,0.056,15,34,0.99396,3.48,0.57,11.5,1
572,6.6,0.84,0.03,2.3,0.059,32,48,0.9952,3.52,0.56,12.3,1
573,8.5,0.49,0.11,2.3,0.084,9,67,0.9968,3.17,0.53,9.4,0
574,8.6,0.645,0.25,2,0.083,8,28,0.99815,3.28,0.6,10,1
575,7,0.655,0.16,2.1,0.074,8,25,0.99606,3.37,0.55,9.7,0
576,9.8,0.44,0.47,2.5,0.063,9,28,0.9981,3.24,0.65,10.8,1
577,7.1,0.39,0.12,2.1,0.065,14,24,0.99252,3.3,0.53,13.3,1
578,7.3,0.4,0.3,1.7,0.08,33,79,0.9969,3.41,0.65,9.5,1
579,7,0.45,0.34,2.7,0.082,16,72,0.998,3.55,0.6,9.5,0
580,7.3,0.38,0.21,2,0.08,7,35,0.9961,3.33,0.47,9.5,0
581,8.2,0.64,0.27,2,0.095,5,77,0.99747,3.13,0.62,9.1,1
582,7.5,0.71,0,1.6,0.092,22,31,0.99635,3.38,0.58,10,1
583,8.1,0.72,0.09,2.8,0.084,18,49,0.9994,3.43,0.72,11.1,1
584,7.1,0.27,0.6,2.1,0.074,17,25,0.99814,3.38,0.72,10.6,1
585,9.9,0.25,0.46,1.7,0.062,26,42,0.9959,3.18,0.83,10.6,1
586,7,0.5,0.14,1.8,0.078,10,23,0.99636,3.53,0.61,10.4,0
587,11,0.2,0.48,2,0.343,6,18,0.9979,3.3,0.71,10.5,0
588,6.8,0.64,0.03,2.3,0.075,14,31,0.99545,3.36,0.58,10.4,1
589,7.7,0.6,0.06,2,0.079,19,41,0.99697,3.39,0.62,10.1,1
590,7.6,0.49,0.33,1.9,0.074,27,85,0.99706,3.41,0.58,9,0
591,8.5,0.37,0.2,2.8,0.09,18,58,0.998,3.34,0.7,9.6,1
592,9.1,0.21,0.37,1.6,0.067,6,10,0.99552,3.23,0.58,11.1,1
593,12.9,0.5,0.55,2.8,0.072,7,24,1.00012,3.09,0.68,10.9,1
594,7.4,0.64,0.17,5.4,0.168,52,98,0.99736,3.28,0.5,9.5,0
595,7.7,0.43,0.25,2.6,0.073,29,63,0.99615,3.37,0.58,10.5,1
596,9.8,0.37,0.39,2.5,0.079,28,65,0.99729,3.16,0.59,9.8,0
597,6.3,0.47,0,1.4,0.055,27,33,0.9922,3.45,0.48,12.3,1
598,7.5,0.63,0.27,2,0.083,17,91,0.99616,3.26,0.58,9.8,1
599,6.6,0.66,0,3,0.115,21,31,0.99629,3.45,0.63,10.3,0
600,10.6,0.36,0.59,2.2,0.152,6,18,0.9986,3.04,1.05,9.4,0
601,7.5,0.705,0.24,1.8,0.36,15,63,0.9964,3,1.59,9.5,0
602,8,0.52,0.25,2,0.078,19,59,0.99612,3.3,0.48,10.2,0
603,7.1,0.68,0,2.3,0.087,17,26,0.99783,3.45,0.53,9.5,0
604,9,0.48,0.32,2.8,0.084,21,122,0.9984,3.32,0.62,9.4,0
605,11.3,0.34,0.45,2,0.082,6,15,0.9988,2.94,0.66,9.2,1
606,10.2,0.29,0.49,2.6,0.059,5,13,0.9976,3.05,0.74,10.5,1
607,9.5,0.46,0.24,2.7,0.092,14,44,0.998,3.12,0.74,10,1
608,6.1,0.32,0.25,2.3,0.071,23,58,0.99633,3.42,0.97,10.6,0
609,10.2,0.36,0.64,2.9,0.122,10,41,0.998,3.23,0.66,12.5,1
610,8.4,0.56,0.08,2.1,0.105,16,44,0.9958,3.13,0.52,11,0
611,7.3,0.59,0.26,7.2,0.07,35,121,0.9981,3.37,0.49,9.4,0
612,11.7,0.45,0.63,2.2,0.073,7,23,0.99974,3.21,0.69,10.9,1
613,8.7,0.52,0.09,2.5,0.091,20,49,0.9976,3.34,0.86,10.6,1
614,6.8,0.775,0,3,0.102,8,23,0.9965,3.45,0.56,10.7,0
615,7.8,0.5,0.17,1.6,0.082,21,102,0.996,3.39,0.48,9.5,0
616,12,0.45,0.55,2,0.073,25,49,0.9997,3.1,0.76,10.3,1
617,6.6,0.815,0.02,2.7,0.072,17,34,0.9955,3.58,0.89,12.3,1
618,6.9,0.765,0.02,2.3,0.063,35,63,0.9975,3.57,0.78,9.9,0
619,10.4,0.61,0.49,2.1,0.2,5,16,0.9994,3.16,0.63,8.4,0
620,6.7,0.41,0.43,2.8,0.076,22,54,0.99572,3.42,1.16,10.6,1
621,8.8,0.61,0.19,4,0.094,30,69,0.99787,3.22,0.5,10,1
622,6.8,0.65,0.02,2.1,0.078,8,15,0.99498,3.35,0.62,10.4,1
623,8.1,0.56,0.28,1.7,0.368,16,56,0.9968,3.11,1.28,9.3,0
624,7.4,0.7,0,1.9,0.076,11,34,0.9978,3.51,0.56,9.4,0
625,7.2,0.52,0.07,1.4,0.074,5,20,0.9973,3.32,0.81,9.6,1
626,7.1,0.34,0.28,2,0.082,31,68,0.99694,3.45,0.48,9.4,0
627,8.1,0.575,0.22,2.1,0.077,12,65,0.9967,3.29,0.51,9.2,0
628,6.9,0.685,0,2.5,0.105,22,37,0.9966,3.46,0.57,10.6,1
629,7,0.975,0.04,2,0.087,12,67,0.99565,3.35,0.6,9.4,0
630,9.9,0.53,0.57,2.4,0.093,30,52,0.9971,3.19,0.76,11.6,1
631,10.9,0.53,0.49,4.6,0.118,10,17,1.0002,3.07,0.56,11.7,1
632,7,0.57,0,2,0.19,12,45,0.99676,3.31,0.6,9.4,1
633,11.5,0.31,0.51,2.2,0.079,14,28,0.9982,3.03,0.93,9.8,1
634,8.1,0.545,0.18,1.9,0.08,13,35,0.9972,3.3,0.59,9,1
635,6.6,0.96,0,1.8,0.082,5,16,0.9936,3.5,0.44,11.9,1
636,7.6,0.645,0.03,1.9,0.086,14,57,0.9969,3.37,0.46,10.3,0
637,7.1,0.6,0.01,2.3,0.079,24,37,0.99514,3.4,0.61,10.9,1
638,7.6,0.9,0.06,2.5,0.079,5,10,0.9967,3.39,0.56,9.8,0
639,5,1.04,0.24,1.6,0.05,32,96,0.9934,3.74,0.62,11.5,0
640,8.7,0.42,0.45,2.4,0.072,32,59,0.99617,3.33,0.77,12,1
641,9.6,0.6,0.5,2.3,0.079,28,71,0.9997,3.5,0.57,9.7,0
642,9.2,0.43,0.52,2.3,0.083,14,23,0.9976,3.35,0.61,11.3,1
643,6.1,0.59,0.01,2.1,0.056,5,13,0.99472,3.52,0.56,11.4,0
644,8.3,0.26,0.42,2,0.08,11,27,0.9974,3.21,0.8,9.4,1
645,12.9,0.35,0.49,5.8,0.066,5,35,1.0014,3.2,0.66,12,1
646,7.9,0.18,0.4,1.8,0.062,7,20,0.9941,3.28,0.7,11.1,0
647,9.9,0.5,0.5,13.8,0.205,48,82,1.00242,3.16,0.75,8.8,0
648,9.2,0.54,0.31,2.3,0.112,11,38,0.99699,3.24,0.56,10.9,0
649,8.2,0.28,0.6,3,0.104,10,22,0.99828,3.39,0.68,10.6,0
650,8.3,0.28,0.48,2.1,0.093,6,12,0.99408,3.26,0.62,12.4,1
651,7.3,0.305,0.39,1.2,0.059,7,11,0.99331,3.29,0.52,11.5,1
652,6.7,0.46,0.24,1.7,0.077,18,34,0.9948,3.39,0.6,10.6,1
653,9.6,0.33,0.52,2.2,0.074,13,25,0.99509,3.36,0.76,12.4,1
654,6.3,0.51,0.13,2.3,0.076,29,40,0.99574,3.42,0.75,11,1
655,7.8,0.56,0.19,1.8,0.104,12,47,0.9964,3.19,0.93,9.5,0
656,7.7,0.49,0.26,1.9,0.062,9,31,0.9966,3.39,0.64,9.6,0
657,7.9,0.57,0.31,2,0.079,10,79,0.99677,3.29,0.69,9.5,1
658,5.3,0.715,0.19,1.5,0.161,7,62,0.99395,3.62,0.61,11,0
659,7.8,0.91,0.07,1.9,0.058,22,47,0.99525,3.51,0.43,10.7,1
660,7.5,0.59,0.22,1.8,0.082,43,60,0.99499,3.1,0.42,9.2,0
661,7.5,0.38,0.57,2.3,0.106,5,12,0.99605,3.36,0.55,11.4,1
662,8.2,0.38,0.32,2.5,0.08,24,71,0.99624,3.27,0.85,11,1
663,7.8,0.56,0.19,1.8,0.104,12,47,0.9964,3.19,0.93,9.5,0
664,8.8,0.37,0.48,2.1,0.097,39,145,0.9975,3.04,1.03,9.3,0
665,7.6,0.715,0,2.1,0.068,30,35,0.99533,3.48,0.65,11.4,1
666,8.9,0.28,0.45,1.7,0.067,7,12,0.99354,3.25,0.55,12.3,1
667,10.6,1.02,0.43,2.9,0.076,26,88,0.9984,3.08,0.57,10.1,1
668,8.3,0.675,0.26,2.1,0.084,11,43,0.9976,3.31,0.53,9.2,0
669,8.1,0.725,0.22,2.2,0.072,11,41,0.9967,3.36,0.55,9.1,0
670,13.7,0.415,0.68,2.9,0.085,17,43,1.0014,3.06,0.8,10,1
671,7.8,0.76,0.04,2.3,0.092,15,54,0.997,3.26,0.65,9.8,0
672,5.9,0.29,0.25,13.4,0.067,72,160,0.99721,3.33,0.54,10.3,1
673,7.8,0.64,0,1.9,0.072,27,55,0.9962,3.31,0.63,11,0
674,7.6,0.5,0.29,2.3,0.086,5,14,0.99502,3.32,0.62,11.5,1
675,7.1,0.34,0.28,2,0.082,31,68,0.99694,3.45,0.48,9.4,0
676,12,0.39,0.66,3,0.093,12,30,0.9996,3.18,0.63,10.8,1
677,9.2,0.36,0.34,1.6,0.062,5,12,0.99667,3.2,0.67,10.5,1
678,7.7,0.705,0.1,2.6,0.084,9,26,0.9976,3.39,0.49,9.7,0
679,6.7,0.56,0.09,2.9,0.079,7,22,0.99669,3.46,0.61,10.2,0
680,7.2,0.57,0.06,1.6,0.076,9,27,0.9972,3.36,0.7,9.6,1
681,7,0.38,0.49,2.5,0.097,33,85,0.9962,3.39,0.77,11.4,1
682,7.6,0.68,0.02,1.3,0.072,9,20,0.9965,3.17,1.08,9.2,0
683,10.3,0.34,0.52,2.8,0.159,15,75,0.9998,3.18,0.64,9.4,0
684,5.7,0.6,0,1.4,0.063,11,18,0.99191,3.45,0.56,12.2,1
685,8.8,0.55,0.04,2.2,0.119,14,56,0.9962,3.21,0.6,10.9,1
686,11.9,0.37,0.69,2.3,0.078,12,24,0.9958,3,0.65,12.8,1
687,8.2,0.39,0.38,1.5,0.058,10,29,0.9962,3.26,0.74,9.8,0
688,10.6,0.28,0.39,15.5,0.069,6,23,1.0026,3.12,0.66,9.2,0
689,12,0.63,0.5,1.4,0.071,6,26,0.99791,3.07,0.6,10.4,0
690,8.9,0.62,0.18,3.8,0.176,52,145,0.9986,3.16,0.88,9.2,0
691,7,0.69,0,1.9,0.114,3,10,0.99636,3.35,0.6,9.7,1
692,7.5,0.52,0.42,2.3,0.087,8,38,0.9972,3.58,0.61,10.5,1
693,10.2,0.645,0.36,1.8,0.053,5,14,0.9982,3.17,0.42,10,1
694,8,0.43,0.36,2.3,0.075,10,48,0.9976,3.34,0.46,9.4,0
695,6.9,0.63,0.02,1.9,0.078,18,30,0.99712,3.4,0.75,9.8,0
696,9.6,0.38,0.31,2.5,0.096,16,49,0.9982,3.19,0.7,10,1
697,6.6,0.725,0.2,7.8,0.073,29,79,0.9977,3.29,0.54,9.2,0
698,7.7,0.965,0.1,2.1,0.112,11,22,0.9963,3.26,0.5,9.5,0
699,12.8,0.3,0.74,2.6,0.095,9,28,0.9994,3.2,0.77,10.8,1
700,8.3,0.845,0.01,2.2,0.07,5,14,0.9967,3.32,0.58,11,0
701,7.3,0.695,0,2.5,0.075,3,13,0.998,3.49,0.52,9.2,0
702,7,0.58,0.12,1.9,0.091,34,124,0.9956,3.44,0.48,10.5,0
703,8.2,0.34,0.37,1.9,0.057,43,74,0.99408,3.23,0.81,12,1
704,6.4,0.57,0.12,2.3,0.12,25,36,0.99519,3.47,0.71,11.3,1
705,7.1,0.43,0.42,5.5,0.07,29,129,0.9973,3.42,0.72,10.5,0
706,6,0.49,0,2.3,0.068,15,33,0.99292,3.58,0.59,12.5,1
707,6.2,0.46,0.29,2.1,0.074,32,98,0.99578,3.33,0.62,9.8,0
708,6.7,0.54,0.13,2,0.076,15,36,0.9973,3.61,0.64,9.8,0
709,9.4,0.34,0.37,2.2,0.075,5,13,0.998,3.22,0.62,9.2,0
710,7.6,0.54,0.02,1.7,0.085,17,31,0.99589,3.37,0.51,10.4,1
711,8,0.3,0.63,1.6,0.081,16,29,0.99588,3.3,0.78,10.8,1
712,7.2,0.34,0.21,2.5,0.075,41,68,0.99586,3.37,0.54,10.1,1
713,11.9,0.43,0.66,3.1,0.109,10,23,1,3.15,0.85,10.4,1
714,8.3,0.31,0.39,2.4,0.078,17,43,0.99444,3.31,0.77,12.5,1
715,8.2,0.73,0.21,1.7,0.074,5,13,0.9968,3.2,0.52,9.5,0
716,8,0.6,0.22,2.1,0.08,25,105,0.99613,3.3,0.49,9.9,0
717,7.7,0.69,0.22,1.9,0.084,18,94,0.9961,3.31,0.48,9.5,0
718,7.3,0.43,0.24,2.5,0.078,27,67,0.99648,3.6,0.59,11.1,1
719,7.2,0.65,0.02,2.3,0.094,5,31,0.9993,3.67,0.8,9.7,0
720,7.8,0.54,0.26,2,0.088,23,48,0.9981,3.41,0.74,9.2,1
721,6.8,0.81,0.05,2,0.07,6,14,0.99562,3.51,0.66,10.8,1
722,8.5,0.18,0.51,1.75,0.071,45,88,0.99524,3.33,0.76,11.8,1
723,7.5,0.52,0.16,1.9,0.085,12,35,0.9968,3.38,0.62,9.5,1
724,5.7,1.13,0.09,1.5,0.172,7,19,0.994,3.5,0.48,9.8,0
725,6.6,0.57,0.02,2.1,0.115,6,16,0.99654,3.38,0.69,9.5,0
726,8.2,0.26,0.34,2.5,0.073,16,47,0.99594,3.4,0.78,11.3,1
727,8.8,0.55,0.04,2.2,0.119,14,56,0.9962,3.21,0.6,10.9,1
728,6.5,0.61,0,2.2,0.095,48,59,0.99541,3.61,0.7,11.5,1
729,6.3,0.55,0.15,1.8,0.077,26,35,0.99314,3.32,0.82,11.6,1
730,15,0.21,0.44,2.2,0.075,10,24,1.00005,3.07,0.84,9.2,1
731,6.8,0.59,0.06,6,0.06,11,18,0.9962,3.41,0.59,10.8,1
732,7,0.43,0.02,1.9,0.08,15,28,0.99492,3.35,0.81,10.6,1
733,10.8,0.32,0.44,1.6,0.063,16,37,0.9985,3.22,0.78,10,1
734,13,0.47,0.49,4.3,0.085,6,47,1.0021,3.3,0.68,12.7,1
735,7.1,0.46,0.14,2.8,0.076,15,37,0.99624,3.36,0.49,10.7,0
736,8.2,0.885,0.2,1.4,0.086,7,31,0.9946,3.11,0.46,10,0
737,7.9,0.49,0.32,1.9,0.082,17,144,0.9968,3.2,0.55,9.5,0
738,6.9,0.48,0.2,1.9,0.082,9,23,0.99585,3.39,0.43,9.05,0
739,9.9,0.35,0.41,2.3,0.083,11,61,0.9982,3.21,0.5,9.5,0
740,12.8,0.615,0.66,5.8,0.083,7,42,1.0022,3.07,0.73,10,1
741,8,0.57,0.23,3.2,0.073,17,119,0.99675,3.26,0.57,9.3,0
742,8.5,0.4,0.4,6.3,0.05,3,10,0.99566,3.28,0.56,12,0
743,6.4,0.42,0.09,2.3,0.054,34,64,0.99724,3.41,0.68,10.4,1
744,6.6,0.5,0.04,2.1,0.068,6,14,0.9955,3.39,0.64,9.4,1
745,12.3,0.5,0.49,2.2,0.089,5,14,1.0002,3.19,0.44,9.6,0
746,12.8,0.3,0.74,2.6,0.095,9,28,0.9994,3.2,0.77,10.8,1
747,6.3,0.76,0,2.9,0.072,26,52,0.99379,3.51,0.6,11.5,1
748,7.4,1.185,0,4.25,0.097,5,14,0.9966,3.63,0.54,10.7,0
749,7.9,0.5,0.33,2,0.084,15,143,0.9968,3.2,0.55,9.5,0
750,7.6,0.54,0.13,2.5,0.097,24,66,0.99785,3.39,0.61,9.4,0
751,8.7,0.52,0.09,2.5,0.091,20,49,0.9976,3.34,0.86,10.6,1
752,8.1,0.87,0,3.3,0.096,26,61,1.00025,3.6,0.72,9.8,0
753,8.9,0.875,0.13,3.45,0.088,4,14,0.9994,3.44,0.52,11.5,0
754,6.3,0.57,0.28,2.1,0.048,13,49,0.99374,3.41,0.6,12.8,0
755,9.4,0.685,0.26,2.4,0.082,23,143,0.9978,3.28,0.55,9.4,0
756,9.1,0.68,0.11,2.8,0.093,11,44,0.99888,3.31,0.55,9.5,1
757,7.5,0.41,0.15,3.7,0.104,29,94,0.99786,3.14,0.58,9.1,0
758,7.2,0.58,0.03,2.3,0.077,7,28,0.99568,3.35,0.52,10,0
759,9.9,0.54,0.45,2.3,0.071,16,40,0.9991,3.39,0.62,9.4,0
760,9.3,0.61,0.26,3.4,0.09,25,87,0.99975,3.24,0.62,9.7,0
761,7.2,0.645,0,1.9,0.097,15,39,0.99675,3.37,0.58,9.2,1
762,7.9,0.33,0.23,1.7,0.077,18,45,0.99625,3.29,0.65,9.3,0
763,8.5,0.47,0.27,1.9,0.058,18,38,0.99518,3.16,0.85,11.1,1
764,7.5,0.49,0.2,2.6,0.332,8,14,0.9968,3.21,0.9,10.5,1
765,7.9,0.33,0.41,1.5,0.056,6,35,0.99396,3.29,0.71,11,1
766,8,0.18,0.37,0.9,0.049,36,109,0.99007,2.89,0.44,12.7,1
767,7.3,0.365,0.49,2.5,0.088,39,106,0.9966,3.36,0.78,11,0
768,6.2,0.6,0.08,2,0.09,32,44,0.9949,3.45,0.58,10.5,0
769,10.1,0.38,0.5,2.4,0.104,6,13,0.99643,3.22,0.65,11.6,1
770,9.9,0.27,0.49,5,0.082,9,17,0.99484,3.19,0.52,12.5,1
771,8.6,0.49,0.29,2,0.11,19,133,0.9972,2.93,1.98,9.8,0
772,7.9,0.885,0.03,1.8,0.058,4,8,0.9972,3.36,0.33,9.1,0
773,10.1,0.935,0.22,3.4,0.105,11,86,1.001,3.43,0.64,11.3,0
774,7,0.735,0.05,2,0.081,13,54,0.9966,3.39,0.57,9.8,0
775,6.4,0.795,0,2.2,0.065,28,52,0.99378,3.49,0.52,11.6,0
776,6.6,0.855,0.02,2.4,0.062,15,23,0.99627,3.54,0.6,11,1
777,8,0.38,0.44,1.9,0.098,6,15,0.9956,3.3,0.64,11.4,1
778,7.7,0.23,0.37,1.8,0.046,23,60,0.9971,3.41,0.71,12.1,1
779,7.1,0.46,0.14,2.8,0.076,15,37,0.99624,3.36,0.49,10.7,0
780,7.4,0.6,0.26,2.1,0.083,17,91,0.99616,3.29,0.56,9.8,1
781,10.9,0.39,0.47,1.8,0.118,6,14,0.9982,3.3,0.75,9.8,1
782,5.1,0.42,0,1.8,0.044,18,88,0.99157,3.68,0.73,13.6,1
783,7.3,0.55,0.01,1.8,0.093,9,15,0.99514,3.35,0.58,11,1
784,7.3,0.32,0.23,2.3,0.066,35,70,0.99588,3.43,0.62,10.1,0
785,7.4,0.635,0.1,2.4,0.08,16,33,0.99736,3.58,0.69,10.8,1
786,7.8,0.61,0.29,1.6,0.114,9,29,0.9974,3.26,1.56,9.1,0
787,8.1,0.29,0.36,2.2,0.048,35,53,0.995,3.27,1.01,12.4,1
788,7.8,0.58,0.02,2,0.073,9,18,0.9968,3.36,0.57,9.5,1
789,10.7,0.52,0.38,2.6,0.066,29,56,0.99577,3.15,0.79,12.1,1
790,4.6,0.52,0.15,2.1,0.054,8,65,0.9934,3.9,0.56,13.1,0
791,7.4,0.61,0.01,2,0.074,13,38,0.99748,3.48,0.65,9.8,0
792,8.3,0.85,0.14,2.5,0.093,13,54,0.99724,3.36,0.54,10.1,0
793,8.8,0.61,0.14,2.4,0.067,10,42,0.9969,3.19,0.59,9.5,0
794,12.5,0.37,0.55,2.6,0.083,25,68,0.9995,3.15,0.82,10.4,1
795,8.7,0.63,0.28,2.7,0.096,17,69,0.99734,3.26,0.63,10.2,1
796,6.8,0.67,0.02,1.8,0.05,5,11,0.9962,3.48,0.52,9.5,0
797,8.7,0.625,0.16,2,0.101,13,49,0.9962,3.14,0.57,11,0
798,8.4,0.25,0.39,2,0.041,4,10,0.99386,3.27,0.71,12.5,1
799,9,0.69,0,2.4,0.088,19,38,0.999,3.35,0.6,9.3,0
800,7.5,0.58,0.2,2,0.073,34,44,0.99494,3.1,0.43,9.3,0
801,8.7,0.765,0.22,2.3,0.064,9,42,0.9963,3.1,0.55,9.4,0
802,8.8,0.61,0.3,2.8,0.088,17,46,0.9976,3.26,0.51,9.3,0
803,8.9,0.59,0.39,2.3,0.095,5,22,0.9986,3.37,0.58,10.3,0
804,7.6,0.41,0.14,3,0.087,21,43,0.9964,3.32,0.57,10.5,1
805,11.6,0.41,0.54,1.5,0.095,22,41,0.99735,3.02,0.76,9.9,1
806,11,0.3,0.58,2.1,0.054,7,19,0.998,3.31,0.88,10.5,1
807,7.6,0.51,0.24,2.4,0.091,8,38,0.998,3.47,0.66,9.6,1
808,9.7,0.69,0.32,2.5,0.088,22,91,0.9979,3.29,0.62,10.1,0
809,6.1,0.38,0.15,1.8,0.072,6,19,0.9955,3.42,0.57,9.4,0
810,10,0.42,0.5,3.4,0.107,7,21,0.9979,3.26,0.93,11.8,1
811,10.7,0.46,0.39,2,0.061,7,15,0.9981,3.18,0.62,9.5,0
812,6.9,0.63,0.02,1.9,0.078,18,30,0.99712,3.4,0.75,9.8,0
813,6.8,0.64,0,2.7,0.123,15,33,0.99538,3.44,0.63,11.3,1
814,9.3,0.43,0.44,1.9,0.085,9,22,0.99708,3.28,0.55,9.5,0
815,7.6,0.31,0.34,2.5,0.082,26,35,0.99356,3.22,0.59,12.5,1
816,10.3,0.27,0.56,1.4,0.047,3,8,0.99471,3.16,0.51,11.8,1
817,7.5,0.61,0.26,1.9,0.073,24,88,0.99612,3.3,0.53,9.8,0
818,7,0.805,0,2.5,0.068,7,20,0.9969,3.48,0.56,9.6,0
819,11.9,0.38,0.51,2,0.121,7,20,0.9996,3.24,0.76,10.4,1
820,11.3,0.62,0.67,5.2,0.086,6,19,0.9988,3.22,0.69,13.4,1
821,6.9,0.57,0,2.8,0.081,21,41,0.99518,3.41,0.52,10.8,0
822,7.1,0.715,0,2.35,0.071,21,47,0.99632,3.29,0.45,9.4,0
823,9.2,0.43,0.49,2.4,0.086,23,116,0.9976,3.23,0.64,9.5,0
824,9.1,0.22,0.24,2.1,0.078,1,28,0.999,3.41,0.87,10.3,1
825,6.4,0.57,0.14,3.9,0.07,27,73,0.99669,3.32,0.48,9.2,0
826,6.1,0.32,0.25,1.8,0.086,5,32,0.99464,3.36,0.44,10.1,0
827,7.2,0.66,0.03,2.3,0.078,16,86,0.99743,3.53,0.57,9.7,0
828,8.9,0.12,0.45,1.8,0.075,10,21,0.99552,3.41,0.76,11.9,1
829,6.6,0.63,0,4.3,0.093,51,77.5,0.99558,3.2,0.45,9.5,0
830,8.8,0.6,0.29,2.2,0.098,5,15,0.9988,3.36,0.49,9.1,0
831,6.4,0.36,0.53,2.2,0.23,19,35,0.9934,3.37,0.93,12.4,1
832,7.5,0.6,0.03,1.8,0.095,25,99,0.995,3.35,0.54,10.1,0
833,6.9,0.41,0.31,2,0.079,21,51,0.99668,3.47,0.55,9.5,1
834,6.2,0.785,0,2.1,0.06,6,13,0.99664,3.59,0.61,10,0
835,7.1,0.755,0.15,1.8,0.107,20,84,0.99593,3.19,0.5,9.5,0
836,12.5,0.46,0.49,4.5,0.07,26,49,0.9981,3.05,0.57,9.6,0
837,7.3,0.69,0.32,2.2,0.069,35,104,0.99632,3.33,0.51,9.5,0
838,9.9,0.4,0.53,6.7,0.097,6,19,0.9986,3.27,0.82,11.7,1
839,9.3,0.39,0.4,2.6,0.073,10,26,0.9984,3.34,0.75,10.2,1
840,6.2,0.45,0.2,1.6,0.069,3,15,0.9958,3.41,0.56,9.2,0
841,5.4,0.835,0.08,1.2,0.046,13,93,0.9924,3.57,0.85,13,1
842,6.8,0.41,0.31,8.8,0.084,26,45,0.99824,3.38,0.64,10.1,1
843,7.5,0.58,0.56,3.1,0.153,5,14,0.99476,3.21,1.03,11.6,1
844,6.8,0.62,0.08,1.9,0.068,28,38,0.99651,3.42,0.82,9.5,1
845,8.8,0.27,0.39,2,0.1,20,27,0.99546,3.15,0.69,11.2,1
846,7.1,0.735,0.16,1.9,0.1,15,77,0.9966,3.27,0.64,9.3,0
847,10.6,0.42,0.48,2.7,0.065,5,18,0.9972,3.21,0.87,11.3,1
848,5.1,0.585,0,1.7,0.044,14,86,0.99264,3.56,0.94,12.9,1
849,6.7,0.48,0.02,2.2,0.08,36,111,0.99524,3.1,0.53,9.7,0
850,11.9,0.38,0.49,2.7,0.098,12,42,1.0004,3.16,0.61,10.3,0
851,7.2,0.36,0.46,2.1,0.074,24,44,0.99534,3.4,0.85,11,1
852,7.2,0.36,0.46,2.1,0.074,24,44,0.99534,3.4,0.85,11,1
853,6.8,0.64,0.1,2.1,0.085,18,101,0.9956,3.34,0.52,10.2,0
854,7.7,0.96,0.2,2,0.047,15,60,0.9955,3.36,0.44,10.9,0
855,9.9,0.57,0.25,2,0.104,12,89,0.9963,3.04,0.9,10.1,0
856,6.6,0.5,0,1.8,0.062,21,28,0.99352,3.44,0.55,12.3,1
857,11.6,0.475,0.4,1.4,0.091,6,28,0.99704,3.07,0.65,10.03333333,1
858,7.7,0.27,0.68,3.5,0.358,5,10,0.9972,3.25,1.08,9.9,1
859,10.8,0.26,0.45,3.3,0.06,20,49,0.9972,3.13,0.54,9.6,0
860,7.5,0.65,0.18,7,0.088,27,94,0.99915,3.38,0.77,9.4,0
861,10,0.32,0.59,2.2,0.077,3,15,0.9994,3.2,0.78,9.6,0
862,6,0.5,0.04,2.2,0.092,13,26,0.99647,3.46,0.47,10,0
863,6.8,0.63,0.07,2.1,0.089,11,44,0.9953,3.47,0.55,10.4,1
864,7.4,0.62,0.05,1.9,0.068,24,42,0.9961,3.42,0.57,11.5,1
865,6.7,0.64,0.23,2.1,0.08,11,119,0.99538,3.36,0.7,10.9,0
866,5.2,0.34,0,1.8,0.05,27,63,0.9916,3.68,0.79,14,1
867,7.5,0.51,0.02,1.7,0.084,13,31,0.99538,3.36,0.54,10.5,1
868,7.1,0.59,0.01,2.5,0.077,20,85,0.99746,3.55,0.59,9.8,0
869,10.7,0.67,0.22,2.7,0.107,17,34,1.0004,3.28,0.98,9.9,1
870,7,0.64,0.02,2.1,0.067,9,23,0.997,3.47,0.67,9.4,1
871,6.1,0.48,0.09,1.7,0.078,18,30,0.99402,3.45,0.54,11.2,1
872,8.4,0.37,0.53,1.8,0.413,9,26,0.9979,3.06,1.06,9.1,1
873,6.8,0.6,0.18,1.9,0.079,18,86,0.9968,3.59,0.57,9.3,1
874,5.6,0.66,0,2.2,0.087,3,11,0.99378,3.71,0.63,12.8,1
875,7.6,0.41,0.24,1.8,0.08,4,11,0.9962,3.28,0.59,9.5,0
876,7,0.69,0.07,2.5,0.091,15,21,0.99572,3.38,0.6,11.3,1
877,8.6,0.55,0.09,3.3,0.068,8,17,0.99735,3.23,0.44,10,0
878,6,0.64,0.05,1.9,0.066,9,17,0.99496,3.52,0.78,10.6,0
879,6.8,0.64,0,2.7,0.123,15,33,0.99538,3.44,0.63,11.3,1
880,12,0.37,0.76,4.2,0.066,7,38,1.0004,3.22,0.6,13,1
881,8.8,0.44,0.49,2.8,0.083,18,111,0.9982,3.3,0.6,9.5,0
882,7.4,0.64,0.07,1.8,0.1,8,23,0.9961,3.3,0.58,9.6,0
883,7.2,0.415,0.36,2,0.081,13,45,0.9972,3.48,0.64,9.2,0
884,8.2,0.28,0.4,2.4,0.052,4,10,0.99356,3.33,0.7,12.8,1
885,9.7,0.295,0.4,1.5,0.073,14,21,0.99556,3.14,0.51,10.9,1
886,7.2,0.725,0.05,4.65,0.086,4,11,0.9962,3.41,0.39,10.9,0
887,8.6,0.38,0.36,3,0.081,30,119,0.997,3.2,0.56,9.4,0
888,8.4,0.56,0.04,2,0.082,10,22,0.9976,3.22,0.44,9.6,0
889,10.2,0.41,0.43,2.2,0.11,11,37,0.99728,3.16,0.67,10.8,0
890,8.4,0.56,0.04,2,0.082,10,22,0.9976,3.22,0.44,9.6,0
891,9.5,0.46,0.49,6.3,0.064,5,17,0.9988,3.21,0.73,11,1
892,8.4,0.6,0.1,2.2,0.085,14,111,0.9964,3.15,0.66,9.8,0
893,8.3,0.6,0.25,2.2,0.118,9,38,0.99616,3.15,0.53,9.8,0
894,12.5,0.28,0.54,2.3,0.082,12,29,0.9997,3.11,1.36,9.8,1
895,5.9,0.46,0,1.9,0.077,25,44,0.99385,3.5,0.53,11.2,0
896,7.4,0.49,0.19,3,0.077,16,37,0.9966,3.37,0.51,10.5,0
897,5.6,0.66,0,2.5,0.066,7,15,0.99256,3.52,0.58,12.9,0
898,10,0.59,0.31,2.2,0.09,26,62,0.9994,3.18,0.63,10.2,1
899,10.6,0.44,0.68,4.1,0.114,6,24,0.997,3.06,0.66,13.4,1
900,8.4,0.635,0.36,2,0.089,15,55,0.99745,3.31,0.57,10.4,0
901,7,0.4,0.32,3.6,0.061,9,29,0.99416,3.28,0.49,11.3,1
902,7.6,0.51,0.15,2.8,0.11,33,73,0.9955,3.17,0.63,10.2,1
903,6.9,0.84,0.21,4.1,0.074,16,65,0.99842,3.53,0.72,9.233333333,1
904,6.9,0.36,0.25,2.4,0.098,5,16,0.9964,3.41,0.6,10.1,1
905,8.9,0.12,0.45,1.8,0.075,10,21,0.99552,3.41,0.76,11.9,1
906,7.2,0.655,0.03,1.8,0.078,7,12,0.99587,3.34,0.39,9.5,0
907,7.7,0.56,0.2,2,0.075,9,39,0.9987,3.48,0.62,9.3,0
908,6.9,0.84,0.21,4.1,0.074,16,65,0.99842,3.53,0.72,9.25,1
909,7.4,0.53,0.12,1.9,0.165,4,12,0.99702,3.26,0.86,9.2,0
910,5.9,0.61,0.08,2.1,0.071,16,24,0.99376,3.56,0.77,11.1,1
911,6.5,0.53,0.06,2,0.063,29,44,0.99489,3.38,0.83,10.3,1
912,5.8,1.01,0.66,2,0.039,15,88,0.99357,3.66,0.6,11.5,1
913,7.3,0.55,0.03,1.6,0.072,17,42,0.9956,3.37,0.48,9,0
914,5.6,0.31,0.78,13.9,0.074,23,92,0.99677,3.39,0.48,10.5,1
915,9.2,0.41,0.5,2.5,0.055,12,25,0.9952,3.34,0.79,13.3,1
916,8.8,0.45,0.43,1.4,0.076,12,21,0.99551,3.21,0.75,10.2,1
917,7,0.55,0.13,2.2,0.075,15,35,0.9959,3.36,0.59,9.7,1
918,5.6,0.31,0.37,1.4,0.074,12,96,0.9954,3.32,0.58,9.2,0
919,7.4,0.61,0.01,2,0.074,13,38,0.99748,3.48,0.65,9.8,0
920,8.3,0.625,0.2,1.5,0.08,27,119,0.9972,3.16,1.12,9.1,0
921,7.9,0.24,0.4,1.6,0.056,11,25,0.9967,3.32,0.87,8.7,1
922,11.2,0.67,0.55,2.3,0.084,6,13,1,3.17,0.71,9.5,1
923,7.1,0.46,0.2,1.9,0.077,28,54,0.9956,3.37,0.64,10.4,1
924,7.2,0.41,0.3,2.1,0.083,35,72,0.997,3.44,0.52,9.4,0
925,7.9,0.69,0.21,2.1,0.08,33,141,0.9962,3.25,0.51,9.9,0
926,11.5,0.54,0.71,4.4,0.124,6,15,0.9984,3.01,0.83,11.8,1
927,7.3,0.66,0,2,0.084,6,23,0.9983,3.61,0.96,9.9,1
928,8.7,0.675,0.1,1.6,0.09,4,11,0.99745,3.31,0.65,9.55,0
929,7.7,0.715,0.01,2.1,0.064,31,43,0.99371,3.41,0.57,11.8,1
930,7.5,0.53,0.06,2.6,0.086,20,44,0.9965,3.38,0.59,10.7,1
931,7.2,0.49,0.18,2.7,0.069,13,34,0.9967,3.29,0.48,9.2,1
932,10,0.32,0.59,2.2,0.077,3,15,0.9994,3.2,0.78,9.6,0
933,9,0.4,0.41,2,0.058,15,40,0.99414,3.22,0.6,12.2,1
934,6.9,0.58,0.01,1.9,0.08,40,54,0.99683,3.4,0.73,9.7,0
935,8.5,0.655,0.49,6.1,0.122,34,151,1.001,3.31,1.14,9.3,0
936,10.3,0.32,0.45,6.4,0.073,5,13,0.9976,3.23,0.82,12.6,1
937,9.3,0.48,0.29,2.1,0.127,6,16,0.9968,3.22,0.72,11.2,0
938,10,0.35,0.45,2.5,0.092,20,88,0.99918,3.15,0.43,9.4,0
939,7.3,0.73,0.24,1.9,0.108,18,102,0.9967,3.26,0.59,9.3,0
940,9.1,0.5,0.3,1.9,0.065,8,17,0.99774,3.32,0.71,10.5,1
941,9.7,0.53,0.6,2,0.039,5,19,0.99585,3.3,0.86,12.4,1
942,6.7,0.62,0.21,1.9,0.079,8,62,0.997,3.52,0.58,9.3,1
943,8.1,0.78,0.23,2.6,0.059,5,15,0.997,3.37,0.56,11.3,0
944,7.8,0.6,0.26,2,0.08,31,131,0.99622,3.21,0.52,9.9,0
945,6.7,0.32,0.44,2.4,0.061,24,34,0.99484,3.29,0.8,11.6,1
946,8.6,0.37,0.65,6.4,0.08,3,8,0.99817,3.27,0.58,11,0
947,7.1,0.84,0.02,4.4,0.096,5,13,0.997,3.41,0.57,11,0
948,7.6,0.95,0.03,2,0.09,7,20,0.9959,3.2,0.56,9.6,0
949,7.1,0.59,0,2.1,0.091,9,14,0.99488,3.42,0.55,11.5,1
950,8.8,0.7,0,1.7,0.069,8,19,0.99701,3.31,0.53,10,1
951,11.9,0.695,0.53,3.4,0.128,7,21,0.9992,3.17,0.84,12.2,1
952,9.6,0.88,0.28,2.4,0.086,30,147,0.9979,3.24,0.53,9.4,0
953,7.7,0.935,0.43,2.2,0.114,22,114,0.997,3.25,0.73,9.2,0
954,5.8,0.68,0.02,1.8,0.087,21,94,0.9944,3.54,0.52,10,0
955,9.4,0.4,0.47,2.5,0.087,6,20,0.99772,3.15,0.5,10.5,0
956,7.4,0.53,0.26,2,0.101,16,72,0.9957,3.15,0.57,9.4,0
957,9,0.62,0.04,1.9,0.146,27,90,0.9984,3.16,0.7,9.4,0
958,7.2,0.53,0.14,2.1,0.064,15,29,0.99323,3.35,0.61,12.1,1
959,7.1,0.875,0.05,5.7,0.082,3,14,0.99808,3.4,0.52,10.2,0
960,6.7,0.46,0.24,1.7,0.077,18,34,0.9948,3.39,0.6,10.6,1
961,9.4,0.59,0.14,2,0.084,25,48,0.9981,3.14,0.56,9.7,0
962,7.5,0.58,0.03,4.1,0.08,27,46,0.99592,3.02,0.47,9.2,0
963,10.8,0.5,0.46,2.5,0.073,5,27,1.0001,3.05,0.64,9.5,0
964,7.3,0.74,0.08,1.7,0.094,10,45,0.99576,3.24,0.5,9.8,0
965,7.6,0.735,0.02,2.5,0.071,10,14,0.99538,3.51,0.71,11.7,1
966,10.6,0.31,0.49,2.2,0.063,18,40,0.9976,3.14,0.51,9.8,1
967,7,0.42,0.19,2.3,0.071,18,36,0.99476,3.39,0.56,10.9,0
968,7.6,0.41,0.49,2,0.088,16,43,0.998,3.48,0.64,9.1,0
969,9.5,0.56,0.33,2.4,0.089,35,67,0.9972,3.28,0.73,11.8,1
970,6.5,0.63,0.33,1.8,0.059,16,28,0.99531,3.36,0.64,10.1,1
971,7.7,0.715,0.01,2.1,0.064,31,43,0.99371,3.41,0.57,11.8,1
972,9,0.43,0.34,2.5,0.08,26,86,0.9987,3.38,0.62,9.5,1
973,8.9,0.31,0.36,2.6,0.056,10,39,0.99562,3.4,0.69,11.8,0
974,12.5,0.56,0.49,2.4,0.064,5,27,0.9999,3.08,0.87,10.9,0
975,5.1,0.47,0.02,1.3,0.034,18,44,0.9921,3.9,0.62,12.8,1
976,6,0.54,0.06,1.8,0.05,38,89,0.99236,3.3,0.5,10.55,1
977,9.7,0.42,0.46,2.1,0.074,5,16,0.99649,3.27,0.74,12.3,1
978,9.1,0.47,0.49,2.6,0.094,38,106,0.9982,3.08,0.59,9.1,0
979,8.9,0.5,0.21,2.2,0.088,21,39,0.99692,3.33,0.83,11.1,1
980,6.6,0.61,0,1.6,0.069,4,8,0.99396,3.33,0.37,10.4,0
981,9.5,0.59,0.44,2.3,0.071,21,68,0.9992,3.46,0.63,9.5,0
982,10.4,0.41,0.55,3.2,0.076,22,54,0.9996,3.15,0.89,9.9,1
983,6.5,0.58,0,2.2,0.096,3,13,0.99557,3.62,0.62,11.5,0
984,7.2,0.48,0.07,5.5,0.089,10,18,0.99684,3.37,0.68,11.2,1
985,10.2,0.44,0.42,2,0.071,7,20,0.99566,3.14,0.79,11.1,1
986,7.3,0.33,0.47,2.1,0.077,5,11,0.9958,3.33,0.53,10.3,1
987,6.3,0.6,0.1,1.6,0.048,12,26,0.99306,3.55,0.51,12.1,0
988,7.3,0.98,0.05,2.1,0.061,20,49,0.99705,3.31,0.55,9.7,0
989,7.2,0.35,0.26,1.8,0.083,33,75,0.9968,3.4,0.58,9.5,1
990,10.1,0.37,0.34,2.4,0.085,5,17,0.99683,3.17,0.65,10.6,1
991,8.9,0.59,0.5,2,0.337,27,81,0.9964,3.04,1.61,9.5,1
992,11.8,0.38,0.55,2.1,0.071,5,19,0.9986,3.11,0.62,10.8,1
993,9,0.46,0.31,2.8,0.093,19,98,0.99815,3.32,0.63,9.5,1
994,9.3,0.5,0.36,1.8,0.084,6,17,0.99704,3.27,0.77,10.8,1
995,6.7,0.54,0.13,2,0.076,15,36,0.9973,3.61,0.64,9.8,0
996,6.6,0.63,0,4.3,0.093,51,77.5,0.99558,3.2,0.45,9.5,0
997,10.5,0.36,0.47,2.2,0.074,9,23,0.99638,3.23,0.76,12,1
998,12.5,0.6,0.49,4.3,0.1,5,14,1.001,3.25,0.74,11.9,1
999,8.9,0.29,0.35,1.9,0.067,25,57,0.997,3.18,1.36,10.3,1
1000,9.3,0.655,0.26,2,0.096,5,35,0.99738,3.25,0.42,9.6,0
1001,6.4,0.31,0.09,1.4,0.066,15,28,0.99459,3.42,0.7,10,1
1002,10.3,0.27,0.24,2.1,0.072,15,33,0.9956,3.22,0.66,12.8,1
1003,8.2,0.31,0.4,2.2,0.058,6,10,0.99536,3.31,0.68,11.2,1
1004,7.2,0.63,0,1.9,0.097,14,38,0.99675,3.37,0.58,9,1
1005,8.6,0.22,0.36,1.9,0.064,53,77,0.99604,3.47,0.87,11,1
1006,5.3,0.47,0.11,2.2,0.048,16,89,0.99182,3.54,0.88,13.56666667,1
1007,9.4,0.4,0.31,2.2,0.09,13,62,0.9966,3.07,0.63,10.5,1
1008,6.4,0.36,0.21,2.2,0.047,26,48,0.99661,3.47,0.77,9.7,1
1009,6.9,0.4,0.24,2.5,0.083,30,45,0.9959,3.26,0.58,10,0
1010,7.3,0.51,0.18,2.1,0.07,12,28,0.99768,3.52,0.73,9.5,1
1011,6.4,0.64,0.21,1.8,0.081,14,31,0.99689,3.59,0.66,9.8,0
1012,7.7,0.54,0.26,1.9,0.089,23,147,0.99636,3.26,0.59,9.7,0
1013,6.8,0.63,0.12,3.8,0.099,16,126,0.9969,3.28,0.61,9.5,0
1014,7.7,0.665,0,2.4,0.09,8,19,0.9974,3.27,0.73,9.3,0
1015,9.1,0.4,0.5,1.8,0.071,7,16,0.99462,3.21,0.69,12.5,1
1016,7.7,0.58,0.01,1.8,0.088,12,18,0.99568,3.32,0.56,10.5,1
1017,5.2,0.49,0.26,2.3,0.09,23,74,0.9953,3.71,0.62,12.2,1
1018,9.5,0.57,0.27,2.3,0.082,23,144,0.99782,3.27,0.55,9.4,0
1019,9.8,0.39,0.43,1.65,0.068,5,11,0.99478,3.19,0.46,11.4,0
1020,8,0.705,0.05,1.9,0.074,8,19,0.9962,3.34,0.95,10.5,1
1021,7,0.5,0.25,2,0.07,3,22,0.9963,3.25,0.63,9.2,0
1022,7.4,0.5,0.47,2,0.086,21,73,0.997,3.36,0.57,9.1,0
1023,6.2,0.43,0.22,1.8,0.078,21,56,0.99633,3.52,0.6,9.5,1
1024,9.6,0.38,0.42,1.9,0.071,5,13,0.99659,3.15,0.75,10.5,1
1025,10.1,0.45,0.23,1.9,0.082,10,18,0.99774,3.22,0.65,9.3,1
1026,7.1,0.56,0.14,1.6,0.078,7,18,0.99592,3.27,0.62,9.3,0
1027,6.1,0.34,0.25,1.8,0.084,4,28,0.99464,3.36,0.44,10.1,0
1028,6,0.42,0.19,2,0.075,22,47,0.99522,3.39,0.78,10,1
1029,10.8,0.4,0.41,2.2,0.084,7,17,0.9984,3.08,0.67,9.3,1
1030,11.9,0.39,0.69,2.8,0.095,17,35,0.9994,3.1,0.61,10.8,1
1031,9.1,0.29,0.33,2.05,0.063,13,27,0.99516,3.26,0.84,11.7,1
1032,7.3,0.44,0.2,1.6,0.049,24,64,0.9935,3.38,0.57,11.7,1
1033,7.3,0.66,0,2,0.084,6,23,0.9983,3.61,0.96,9.9,1
1034,7.9,0.18,0.4,2.2,0.049,38,67,0.996,3.33,0.93,11.3,0
1035,10.9,0.32,0.52,1.8,0.132,17,44,0.99734,3.28,0.77,11.5,1
1036,6.7,0.46,0.24,1.7,0.077,18,34,0.9948,3.39,0.6,10.6,1
1037,7.6,0.79,0.21,2.3,0.087,21,68,0.9955,3.12,0.44,9.2,0
1038,8.3,0.53,0,1.4,0.07,6,14,0.99593,3.25,0.64,10,1
1039,9,0.45,0.49,2.6,0.084,21,75,0.9987,3.35,0.57,9.7,0
1040,12.2,0.34,0.5,2.4,0.066,10,21,1,3.12,1.18,9.2,1
1041,8.3,0.33,0.42,2.3,0.07,9,20,0.99426,3.38,0.77,12.7,1
1042,9.1,0.5,0.3,1.9,0.065,8,17,0.99774,3.32,0.71,10.5,1
1043,9.9,0.59,0.07,3.4,0.102,32,71,1.00015,3.31,0.71,9.8,0
1044,7.5,0.52,0.11,1.5,0.079,11,39,0.9968,3.42,0.58,9.6,0
1045,6.7,0.75,0.01,2.4,0.078,17,32,0.9955,3.55,0.61,12.8,1
1046,9.2,0.58,0.2,3,0.081,15,115,0.998,3.23,0.59,9.5,0
1047,12.2,0.45,0.49,1.4,0.075,3,6,0.9969,3.13,0.63,10.4,0
1048,10.2,0.24,0.49,2.4,0.075,10,28,0.9978,3.14,0.61,10.4,0
1049,6.8,0.68,0.21,2.1,0.07,9,23,0.99546,3.38,0.6,10.3,0
1050,10,0.49,0.2,11,0.071,13,50,1.0015,3.16,0.69,9.2,1
1051,8.1,0.78,0.23,2.6,0.059,5,15,0.997,3.37,0.56,11.3,0
1052,8.9,0.595,0.41,7.9,0.086,30,109,0.9998,3.27,0.57,9.3,0
1053,7.3,0.38,0.21,2,0.08,7,35,0.9961,3.33,0.47,9.5,0
1054,10.1,0.31,0.35,1.6,0.075,9,28,0.99672,3.24,0.83,11.2,1
1055,10,0.58,0.22,1.9,0.08,9,32,0.9974,3.13,0.55,9.5,0
1056,6,0.5,0,1.4,0.057,15,26,0.99448,3.36,0.45,9.5,0
1057,8.2,0.44,0.24,2.3,0.063,10,28,0.99613,3.25,0.53,10.2,1
1058,12.4,0.42,0.49,4.6,0.073,19,43,0.9978,3.02,0.61,9.5,0
1059,8.5,0.46,0.59,1.4,0.414,16,45,0.99702,3.03,1.34,9.2,0
1060,8,0.64,0.22,2.4,0.094,5,33,0.99612,3.37,0.58,11,0
1061,7.7,0.58,0.01,1.8,0.088,12,18,0.99568,3.32,0.56,10.5,1
1062,7.6,0.665,0.1,1.5,0.066,27,55,0.99655,3.39,0.51,9.3,0
1063,11.5,0.59,0.59,2.6,0.087,13,49,0.9988,3.18,0.65,11,1
1064,8,0.83,0.27,2,0.08,11,63,0.99652,3.29,0.48,9.8,0
1065,11.6,0.475,0.4,1.4,0.091,6,28,0.99704,3.07,0.65,10.03333333,1
1066,7.1,0.69,0.08,2.1,0.063,42,52,0.99608,3.42,0.6,10.2,1
1067,7.7,0.54,0.26,1.9,0.089,23,147,0.99636,3.26,0.59,9.7,0
1068,7.5,0.38,0.48,2.6,0.073,22,84,0.9972,3.32,0.7,9.6,0
1069,7.1,0.59,0,2.2,0.078,26,44,0.99522,3.42,0.68,10.8,1
1070,6.4,0.37,0.25,1.9,0.074,21,49,0.9974,3.57,0.62,9.8,1
1071,6.4,0.38,0.14,2.2,0.038,15,25,0.99514,3.44,0.65,11.1,1
1072,8.5,0.47,0.27,1.9,0.058,18,38,0.99518,3.16,0.85,11.1,1
1073,8.9,0.745,0.18,2.5,0.077,15,48,0.99739,3.2,0.47,9.7,1
1074,7.8,0.6,0.26,2,0.08,31,131,0.99622,3.21,0.52,9.9,0
1075,6.1,0.715,0.1,2.6,0.053,13,27,0.99362,3.57,0.5,11.9,0
1076,10.1,0.43,0.4,2.6,0.092,13,52,0.99834,3.22,0.64,10,1
1077,7.5,0.52,0.4,2.2,0.06,12,20,0.99474,3.26,0.64,11.8,1
1078,8.2,0.64,0.27,2,0.095,5,77,0.99747,3.13,0.62,9.1,1
1079,10.4,0.44,0.42,1.5,0.145,34,48,0.99832,3.38,0.86,9.9,0
1080,9.5,0.39,0.41,8.9,0.069,18,39,0.99859,3.29,0.81,10.9,1
1081,7.7,0.62,0.04,3.8,0.084,25,45,0.9978,3.34,0.53,9.5,0
1082,6.8,0.59,0.1,1.7,0.063,34,53,0.9958,3.41,0.67,9.7,0
1083,10.4,0.28,0.54,2.7,0.105,5,19,0.9988,3.25,0.63,9.5,0
1084,11.5,0.45,0.5,3,0.078,19,47,1.0003,3.26,1.11,11,1
1085,11.3,0.37,0.5,1.8,0.09,20,47,0.99734,3.15,0.57,10.5,0
1086,7.1,0.75,0.01,2.2,0.059,11,18,0.99242,3.39,0.4,12.8,1
1087,6.2,0.46,0.17,1.6,0.073,7,11,0.99425,3.61,0.54,11.4,0
1088,8.3,0.31,0.39,2.4,0.078,17,43,0.99444,3.31,0.77,12.5,1
1089,7.7,0.39,0.12,1.7,0.097,19,27,0.99596,3.16,0.49,9.4,0
1090,5.9,0.55,0.1,2.2,0.062,39,51,0.99512,3.52,0.76,11.2,1
1091,5.6,0.66,0,2.2,0.087,3,11,0.99378,3.71,0.63,12.8,1
1092,6.9,0.39,0.24,2.1,0.102,4,7,0.99462,3.44,0.58,11.4,0
1093,8.4,0.715,0.2,2.4,0.076,10,38,0.99735,3.31,0.64,9.4,0
1094,10.2,0.49,0.63,2.9,0.072,10,26,0.9968,3.16,0.78,12.5,1
1095,7.3,0.39,0.31,2.4,0.074,9,46,0.9962,3.41,0.54,9.4,1
1096,10,0.73,0.43,2.3,0.059,15,31,0.9966,3.15,0.57,11,0
1097,6.2,0.56,0.09,1.7,0.053,24,32,0.99402,3.54,0.6,11.3,0
1098,8.7,0.54,0.26,2.5,0.097,7,31,0.9976,3.27,0.6,9.3,1
1099,12.7,0.6,0.49,2.8,0.075,5,19,0.9994,3.14,0.57,11.4,0
1100,7.7,0.835,0,2.6,0.081,6,14,0.9975,3.3,0.52,9.3,0
1101,11.2,0.5,0.74,5.15,0.1,5,17,0.9996,3.22,0.62,11.2,0
1102,8.2,0.28,0.6,3,0.104,10,22,0.99828,3.39,0.68,10.6,0
1103,10.5,0.59,0.49,2.1,0.07,14,47,0.9991,3.3,0.56,9.6,0
1104,7.7,0.56,0.08,2.5,0.114,14,46,0.9971,3.24,0.66,9.6,1
1105,6.1,0.6,0.08,1.8,0.071,14,45,0.99336,3.38,0.54,11,0
1106,6.7,0.67,0.02,1.9,0.061,26,42,0.99489,3.39,0.82,10.9,1
1107,8.4,0.39,0.1,1.7,0.075,6,25,0.99581,3.09,0.43,9.7,1
1108,9.8,0.66,0.39,3.2,0.083,21,59,0.9989,3.37,0.71,11.5,1
1109,8.8,0.955,0.05,1.8,0.075,5,19,0.99616,3.3,0.44,9.6,0
1110,7.2,0.695,0.13,2,0.076,12,20,0.99546,3.29,0.54,10.1,0
1111,9.9,0.59,0.07,3.4,0.102,32,71,1.00015,3.31,0.71,9.8,0
1112,9.4,0.395,0.46,4.6,0.094,3,10,0.99639,3.27,0.64,12.2,1
1113,8,0.745,0.56,2,0.118,30,134,0.9968,3.24,0.66,9.4,0
1114,7.2,0.6,0.04,2.5,0.076,18,88,0.99745,3.53,0.55,9.5,0
1115,7.4,0.63,0.07,2.4,0.09,11,37,0.9979,3.43,0.76,9.7,1
1116,10,0.49,0.2,11,0.071,13,50,1.0015,3.16,0.69,9.2,1
1117,7.7,0.775,0.42,1.9,0.092,8,86,0.9959,3.23,0.59,9.5,0
1118,6.8,0.91,0.06,2,0.06,4,11,0.99592,3.53,0.64,10.9,0
1119,6.8,0.69,0,5.6,0.124,21,58,0.9997,3.46,0.72,10.2,0
1120,8.2,0.74,0.09,2,0.067,5,10,0.99418,3.28,0.57,11.8,1
